tmc,length,avg_speedlimit,avo,nhs,nhs_pct,is_controlled_access,is_interstate,directionality,congestion_level,aadt,directional_aadt,county,mpo,ua,regionvd_total,vd_jan,vd_feb,vd_mar,vd_apr,vd_may,vd_jun,vd_jul,vd_aug,vd_sep,vd_oct,vd_nov,vd_decd_total,d_jan,d_feb,d_mar,d_apr,d_may,d_jun,d_jul,d_aug,d_sep,d_oct,d_nov,d_dec
120-06852,0.14868786659,35,2.17242,1,100,false,false,EVEN_DIST,MODERATE_CONGESTION,58303,29151.5,New York, NYMTC,New York--Newark, NY--NJ--CT,New York City,10850.97,0,421.56,854.05,943.71,1066.96,1045.87,767.3,983.19,1233.54,1150.92,1361.5,1022.3710850.97,0,3070.37,5915.99,6609.05,7536.56,7504.54,5232.64,6945.75,8577.67,8121.09,9491.18,7043.43
120P04134,0.44613195058,65,1.69006,1,100,false,false,EVEN_DIST,NO2LOW_CONGESTION,29761,14880.5,Dutchess, PDCTC,Poughkeepsie--Newburgh, NY--NJ,Hudson Valley,100.66,10.61,7.34,8.21,0,0,0.56,61.89,0.42,0,4.88,0,6.75100.66,155.19,127.28,128.73,0,0,9.82,895.91,4.82,0,54.82,0,119.09
120-11857,1.62732715303,30,2.06821,1,100,false,false,EVEN_DIST,MODERATE_CONGESTION,11118,5559,Warren, A/GFTC,Glens Falls, NY,Capital District,5935.4,1281.19,368.88,563.6,363.51,555.73,534.9,234.49,354.34,348.85,450.6,515.95,363.375935.4,48989.58,14183.98,21284.52,13365.44,20246.55,19989.63,9110.08,13066.6,13224.57,16290.95,18922.87,13738.27
120+24667,0.94557753296,35.382,1.7736,1,100,false,false,EVEN_DIST,NO2LOW_CONGESTION,14210,7105,Albany, CDTC,Albany--Schenectady, NY,Capital District,3039.33,0,301.28,310.2,190.88,365.66,354.26,232.28,327.18,302.03,214.9,274.9,165.753039.33,0,9218.11,9080.07,5671.46,10846.02,10222.71,7023.53,10506.2,8865.64,6475.55,8739.23,5266.46
104+04208,0.44138467614,30,2.46306,1,100,true,false,EVEN_DIST,NO2LOW_CONGESTION,33453,16726.5,Erie, GBNRTC,Buffalo, NY,Western New York,23.29,3.44,0,0,0.1,1.95,0,2.21,0,0,3.37,-0.04,12.2523.29,62.55,0,0,1.55,30.55,0,34.55,0,0,34.55,-0.45,183.2
120N07681,0.14776823751,55,1.93503,1,100,false,false,PM_PEAK,SEVERE_CONGESTION,24242,12121,Suffolk, NYMTC,New York--Newark, NY--NJ--CT,Long Island,1716.55,0,70.97,113.1,98.16,199.54,187.95,167.42,149.89,188.04,226.23,154.26,1611716.55,0,1286.52,1984.11,1758.75,3402.01,3257.49,2848.75,2616.54,3214.62,3785.33,2591.14,2702.83
104+07459,3.46710726467,55,1.90685,1,100,false,false,PM_PEAK,NO2LOW_CONGESTION,4903,2451.5,Oneida, HOCTS,Utica, NY,Mohawk Valley,277.73,108.35,45.86,21.83,24.12,1.31,12.25,9.34,11.63,7.8,20.54,6.57,8.15277.73,7576.94,2824.31,1438.24,1842.54,139.31,911.77,683.31,805.85,545.08,1535.62,937.54,575.16
104P06860,0.0125516942,55,2.39929,1,100,false,false,EVEN_DIST,NO2LOW_CONGESTION,1990,995,Wayne, null,null,Genesee Valley,9.26,8.37,0.08,0.07,0.07,0.12,0.18,0.08,0.06,0.09,0.02,0.07,0.069.26,1885.55,20.68,16.94,15.15,24.42,38.57,15.31,13.31,18.57,5.68,14.31,12.78
120+12545,0.77052489484,45,1.94753,1,100,false,false,EVEN_DIST,NO2LOW_CONGESTION,16308,8154,Saratoga, CDTC,Saratoga Springs, NY,Capital District,337.61,0,4.73,35.66,25.17,14.65,76.56,25.33,33.98,65.56,37.74,2.14,16.08337.61,0,113.37,946.63,702.48,346.69,1873.74,718.42,1032.11,1672.79,969.37,55.53,403.69
120N19707,0.14515847931,40,1.77513,1,100,false,false,EVEN_DIST,MODERATE_CONGESTION,27933,13966.5,Westchester, NYMTC,New York--Newark, NY--NJ--CT,Hudson Valley,3115.79,254.17,231.36,239.37,213.2,219.77,173.08,166.23,195.93,533.57,384.65,336.78,167.693115.79,3806.88,3932.3,4010.81,3453.22,3601.52,2756.06,2557.27,3050.2,9239.32,6595.17,5642.38,2795.15
120N23538,0.10089200927,30,1.87586,1,4,false,false,EVEN_DIST,MODERATE_CONGESTION,13349,13349,Westchester, NYMTC,New York--Newark, NY--NJ--CT,Hudson Valley,2850.62,39.42,181.13,223.89,187.77,264.19,277.28,183.78,227.92,316.47,357.27,322.39,269.112850.62,625.74,2914.66,3614.4,3100.09,4373.9,4397.42,3111.24,3797.47,5112.37,5866.5,5222,4407.17
104-07388,3.36103923497,55,1.81929,1,1,false,false,PM_PEAK,NO2LOW_CONGESTION,12568,6284,Monroe, GTC,Rochester, NY,Genesee Valley,1498.15,0,207.15,75.65,259.41,130.4,220.47,295.11,25.09,9.64,16.89,135.74,122.591498.15,0,5414.48,1847.82,6990.55,3671.75,5793.44,8281.44,690.71,327.36,478.05,3228.71,3400.44
120P09812,0.0331812114,51.067,2.10094,1,100,false,false,EVEN_DIST,MODERATE_CONGESTION,3072,1536,Herkimer, HOCTS,Little Falls, NY,Mohawk Valley,0.35,0,0.01,0.04,0.04,0.04,0.02,0,0.04,0.1,0.02,0.02,0.010.35,0,1.1,6.3,6.01,6.71,2.3,0.2,5.81,11.51,2.3,3.2,2.51
104N04236,0.1686400894,62.253,1.76214,1,100,true,true,EVEN_DIST,NO2LOW_CONGESTION,59096,29548,Erie, GBNRTC,Buffalo, NY,Western New York,890.14,0.21,24.36,15.84,32.45,2.34,149.61,72.38,158.13,137.09,112.75,54.95,130.01890.14,1.49,202.46,114.97,249.7,16.48,888.93,454.61,963.76,937.02,812.3,386.6,1044.09
120+15886,0.31131929842,30,1.87574,1,1,false,false,EVEN_DIST,NO2LOW_CONGESTION,21006,10503,Westchester, NYMTC,New York--Newark, NY--NJ--CT,Hudson Valley,11207.9,266.46,655.17,863.05,904.73,1116.92,1392.01,852.79,857.94,1031.24,1169.82,1077.13,1020.6711207.9,5402.66,13883.81,17992.55,18795.83,22532.85,28123.67,17447.86,17449.77,20964.83,24229.74,22414.24,20485.43
104+08342,1.63409388322,50.445,1.81764,1,100,false,false,EVEN_DIST,NO2LOW_CONGESTION,21060,10530,Erie, GBNRTC,Buffalo, NY,Western New York,2303.25,0,106.91,257.45,162.22,194.05,192.38,365.64,256.17,251.43,126.81,214.64,175.562303.25,0,2233.1,5134.12,3432.54,3866.84,3755.04,7482.2,5265.04,4751.7,2715.65,4579.98,3806.45
104+06862,1.28182002219,52.981,2.09975,1,100,false,false,EVEN_DIST,NO2LOW_CONGESTION,4753,2376.5,Cayuga, null,null,Central New York,114.6,0,21.14,10.4,11.23,6.85,11,0.84,12.82,17.07,6.36,3.35,13.54114.6,0,2070.91,959.56,909.69,547.36,1120.53,85.18,1131.85,1569.36,690.18,369.51,1365.54
120N07160,0.02565640859,30,1.87551,1,100,false,false,EVEN_DIST,NO2LOW_CONGESTION,8319,4159.5,Westchester, NYMTC,New York--Newark, NY--NJ--CT,Hudson Valley,53.05,0,3.66,3.4,4.31,4.85,4.33,3.1,3.88,7.25,7.54,6.22,4.553.05,0,183.93,171.46,215.87,231.51,218.46,159.26,201.55,379.35,390.93,318.38,211.75
120P06717,0.02764479579,30,1.71119,1,100,false,false,EVEN_DIST,MODERATE_CONGESTION,38901,19450.5,Nassau, NYMTC,New York--Newark, NY--NJ--CT,Long Island,1777.72,0,138.03,169.19,141.18,141.74,165.11,206.23,130.02,178.02,183.26,175.64,149.31777.72,0,1614.11,1936.14,1628.44,1621.4,1912.36,2470.38,1493.81,2039.69,2084.05,2024.21,1711.49
120N05254,0.27623669176,55,1.85283,1,100,true,false,EVEN_DIST,NO2LOW_CONGESTION,40948,20474,Suffolk, NYMTC,New York--Newark, NY--NJ--CT,Long Island,638.11,569.08,15.23,45.05,0,0.93,0,0,2.61,0,3.32,0,1.9638.11,6027.14,170.33,470.33,0,7.73,0,0,21.87,0,27.6,0,19.33
120N05096,0.39745374644,55,1.85279,1,100,true,false,PM_PEAK,MODERATE_CONGESTION,156509,78254.5,Nassau, NYMTC,New York--Newark, NY--NJ--CT,Long Island,9408.68,838.04,548.33,836.9,544.32,790.14,1085.15,712.68,590.88,668.4,718.88,1123.62,951.349408.68,1932.02,1332.85,1925.94,1351.78,1893.34,2456.68,1976.66,1369.89,1740.1,1747.13,2669.41,2268.39
120-04366,0.48338314203,50,2.16422,1,100,true,true,EVEN_DIST,SEVERE_CONGESTION,92453,46226.5,Bronx, NYMTC,New York--Newark, NY--NJ--CT,New York City,18446.05,1046.69,896.03,1279.64,1088.71,1726.91,1232.54,965.47,3915.39,1847.44,2315.85,1124.93,1006.4518446.05,5132.65,4300.74,6070.37,5318.69,8348.92,6133.46,4835.87,18607.63,8668.43,11003.21,5278.69,4785.7
120-17297,1.35158755807,30,1.6848,1,100,false,false,EVEN_DIST,NO2LOW_CONGESTION,21891,10945.5,Nassau, NYMTC,New York--Newark, NY--NJ--CT,Long Island,30372.47,2128.4,2496.07,2788.71,2035.15,2629.42,2216.11,1952.73,2309.55,3035.08,3234.78,3130.64,2415.8530372.47,41931.83,49630.27,55496.55,41273.7,51926.98,44372.98,38324.41,46447.12,60219.12,64000.69,61131.26,46380.27
120+18159,0.29970587443,25,2.04584,1,100,false,false,EVEN_DIST,NO2LOW_CONGESTION,41319,20659.5,Kings, NYMTC,New York--Newark, NY--NJ--CT,New York City,22551.77,1153.17,1710,2095.41,1772.81,2010.65,2180.42,1957.32,1929.32,1886.4,2197.09,1937.55,1721.6522551.77,12086.89,18095.54,22236.57,18770.91,21477.94,23245.52,20795.87,20575.51,20134.76,23234.15,20799.93,18583.76
120-08218,1.31425558839,48.202,1.93915,1,100,false,false,EVEN_DIST,NO2LOW_CONGESTION,3149,1574.5,Essex, null,null,Capital District,32.23,0,2.55,0.1,0.86,4.93,11.89,1.63,1.28,1.23,1.42,2.98,3.3732.23,0,364.03,13.81,134.63,851.47,1647.72,223.85,202.85,194.28,227.88,438.88,476.69
120-11561,0.38436145947,34.647,1.93728,1,100,false,false,EVEN_DIST,NO2LOW_CONGESTION,4435,2217.5,Dutchess, PDCTC,null,Hudson Valley,9.47,0,0.77,0,0.62,1.05,1.16,1.15,0.75,1.03,0.1,1.01,1.839.47,0,91.31,0,57.88,92.63,87.44,125.88,96.44,78.88,10.44,118.88,224.88
120N10201,0.22463183021,42.406,1.90836,1,100,false,false,EVEN_DIST,NO2LOW_CONGESTION,15716,7858,Ulster, UCTC,Kingston, NY,Hudson Valley,21.56,1.48,2.35,1.81,0.88,1.32,4.72,0.77,0.51,3.15,1.99,1.44,1.1321.56,36.43,64.52,45.3,28.87,30.52,119.95,17.65,12.87,73.74,56.95,31.52,35.08
120P07231,0.05821003528,30,1.87588,1,100,false,false,EVEN_DIST,MODERATE_CONGESTION,23187,11593.5,Westchester, NYMTC,New York--Newark, NY--NJ--CT,Hudson Valley,2166.35,0,150.58,184.46,156.44,199.85,185.44,184.86,178.39,197.39,232.37,204.74,291.832166.35,0,2790.33,3378.1,2942.34,3767.72,3401.88,3370.87,3345.49,3643,4304.51,3786.31,5343.12
120N04906,0.23952609308,55,1.89644,1,100,false,false,PM_PEAK,MODERATE_CONGESTION,145212,72606,Suffolk, NYMTC,New York--Newark, NY--NJ--CT,Long Island,24382.43,15797.57,510.93,639.2,459.22,833.39,894.08,883.49,740.61,890.8,1116.5,760.99,855.6724382.43,43603.4,1384.14,1636.89,1167.88,2203.2,2328.73,2254.76,1929.11,2382.63,3007.87,2054.37,2139.05
120N16855,0.09665425905,40,1.88092,1,100,false,false,EVEN_DIST,NO2LOW_CONGESTION,4566,4566,Suffolk, NYMTC,New York--Newark, NY--NJ--CT,Long Island,211.26,40.16,14.81,9.69,16.01,14.7,12.35,19.36,17.27,14.57,17.65,18.27,16.4211.26,1844.8,738.19,477.17,765.65,693.14,587.67,934.16,847.18,732.66,915.74,890.68,818.69
104-10312,0.55097587941,30,1.99049,1,1,false,false,EVEN_DIST,MODERATE_CONGESTION,7202,3601,Erie, GBNRTC,Buffalo, NY,Western New York,3520.39,0,252.98,260.94,274.39,307.71,376.81,273.73,300.95,444.32,369.41,370.65,288.493520.39,0,15027.91,15642.4,16543.19,18095.92,22847.44,16012.85,17767.11,25979.02,22392.26,21872.53,16860.15
120+04946,0.0316277839,50,2.05283,1,100,true,true,AM_PEAK,SEVERE_CONGESTION,140716,70358,Queens, NYMTC,New York--Newark, NY--NJ--CT,New York City,16383.26,4083.29,707.81,1097.54,871.44,1050.47,987.08,1128.95,1007.19,1103.68,1519.74,1521.28,1304.816383.26,12024.08,2007.92,3114.23,2443.83,2977.79,2827.21,3255.92,2891.53,3196.28,4378.47,4390.53,3748.16
120+10248,0.41474028766,26,1.76828,1,100,false,false,EVEN_DIST,MODERATE_CONGESTION,30466,15233,Queens, NYMTC,New York--Newark, NY--NJ--CT,New York City,23681.74,577.16,1499.77,1941.28,1621.52,2229.07,2616.1,2053.22,1983.98,2342.77,2436.77,2422.57,1957.5423681.74,8447.1,21111.11,27203.19,22918.49,30839.54,36450.05,28638.47,27647.89,32379.49,33945.05,34211.54,27478.04
120P18443,0.04413598213,25,2.1158,1,100,false,false,EVEN_DIST,MODERATE_CONGESTION,22246,11123,Queens, NYMTC,New York--Newark, NY--NJ--CT,New York City,1527.47,37.75,118.64,129.1,111.62,152.1,143.83,126.08,123.53,157.34,165.79,134.88,126.791527.47,783.55,2283.21,2495.27,2179.05,2944.93,2769.77,2380.55,2403.49,3076.27,3134.99,2613.1,2391.82
120+16932,0.55257280288,25,1.89335,1,100,false,false,EVEN_DIST,MODERATE_CONGESTION,49165,24582.5,Queens, NYMTC,New York--Newark, NY--NJ--CT,New York City,19967.16,1376,990.82,1793.61,1422.15,2834.94,2174.16,681.33,738.75,2370.78,2282.27,1685.2,1617.1619967.16,12628.64,9098.85,15816.4,12226.1,23461.1,18534.46,6446.08,6877.11,19273.91,18875.7,14941.79,14226.61
104+09897,0.49157902552,30,1.89434,1,100,false,false,EVEN_DIST,NO2LOW_CONGESTION,10255,5127.5,Cortland, null,Cortland, NY,Central New York,302.57,0,7.44,38.04,24.37,49.29,19.39,41.93,40.31,28.57,18.29,19.27,15.69302.57,0,319.28,1603.44,983.96,2145.18,909.41,1698.57,1617.05,1215.86,821.54,783.44,677.63
120P07054,0.01007242391,25,2.11595,1,100,false,false,EVEN_DIST,NO2LOW_CONGESTION,22072,22072,New York, NYMTC,New York--Newark, NY--NJ--CT,New York City,161.66,0,8.77,22.59,7.88,11.2,9.82,8.06,11.17,21.25,18.4,22.15,20.36161.66,0,92.92,229.97,85.74,117.11,102.23,75.05,110.8,226.1,198.97,230.53,210.47
120+29402,0.02316471088,30,1.87596,1,100,false,false,EVEN_DIST,MODERATE_CONGESTION,14188,14188,Westchester, NYMTC,New York--Newark, NY--NJ--CT,Hudson Valley,157.27,62.72,4.7,6.1,8.94,10.72,10.92,10.41,7.81,7.88,11.51,10.7,4.86157.27,956.69,74.48,92.46,133.09,168.83,162.68,154.92,118.41,119.09,173.95,161.36,71.16
120N16304,0.01390006927,25,2.11589,1,100,false,false,EVEN_DIST,NO2LOW_CONGESTION,17546,8773,Bronx, NYMTC,New York--Newark, NY--NJ--CT,New York City,438.67,46.86,30.91,35.95,32.56,38.45,37.09,31.55,35.29,35.07,40.98,39.48,34.49438.67,1177.27,744.79,859.07,762.77,891.21,839.79,746.37,812.3,807.26,954.12,923.67,785.82
120N18737,0.05162350268,30,2.04978,1,100,false,false,EVEN_DIST,NO2LOW_CONGESTION,7789,3894.5,Richmond, NYMTC,New York--Newark, NY--NJ--CT,New York City,328.06,23.85,25.55,33.8,24.36,36.03,26.89,22.58,21.31,26.35,26.02,28.99,32.32328.06,1344.34,1498.88,1901.28,1351.8,1981.81,1490.57,1287.68,1191.22,1469.63,1444.88,1609.33,1834.51
104N04279,0.44711371676,55,1.74331,1,100,true,true,PM_PEAK,NO2LOW_CONGESTION,102983,51491.5,Monroe, GTC,Rochester, NY,Genesee Valley,2065.9,148.77,20.66,196,44.29,264.66,108.94,23.41,841.32,160.67,82.2,97.57,77.422065.9,567.06,98.24,626.6,186.26,966.18,375.6,77.14,2401.82,490.94,309.03,359.93,303.26
120-10955,0.25464404951,25,2.41912,1,100,false,false,EVEN_DIST,NO2LOW_CONGESTION,21060,10530,New York, NYMTC,New York--Newark, NY--NJ--CT,New York City,11920.32,0,1009.63,1111.56,833.83,1041.28,1049.49,910.48,982.46,1122.09,1239.85,1335.53,1284.1111920.32,0,20475.52,22575.62,16657.55,20975.76,20999.29,18319.15,19666.99,22959.38,25644.09,27518.78,26223.25
104+04679,0.13725464019,65,1.715,1,100,true,true,EVEN_DIST,NO2LOW_CONGESTION,8210,4105,Chautauqua, null,null,Western New York,48.84,0,5.83,4.61,3.93,3.93,2.43,4.55,6.69,3.79,4.16,4.46,4.4548.84,0,329.16,241.52,212.24,197.91,115.89,242.57,367.57,202.23,217.92,212.92,223.9
120N04757,0.39323463735,55,1.85285,1,100,true,false,EVEN_DIST,NO2LOW_CONGESTION,71826,35913,Suffolk, NYMTC,New York--Newark, NY--NJ--CT,Long Island,140.04,5.29,9.78,0,0,0,46.86,43.37,1.35,7.7,0,25.67,0.02140.04,33.12,60.02,0,0,0,261.71,215.61,8.1,62.2,0,187.2,0.1
104-12430,0.85559058474,30,1.81865,1,100,false,false,EVEN_DIST,NO2LOW_CONGESTION,3648,1824,Niagara, GBNRTC,Buffalo, NY,Western New York,99.73,0,3.69,19.68,9.16,4.77,14.93,5.01,3.83,5.52,11.64,13.82,7.6699.73,0,500.97,2368.96,928.96,650.96,1890.96,525.97,522.95,607.95,1452.95,1748.96,919.96
104-06786,7.51028136973,36.19,2.35946,1,1,false,false,EVEN_DIST,NO2LOW_CONGESTION,5894,2947,Livingston, GTC,Avon, NY,Genesee Valley,1761.33,0,209.89,132.65,97.62,132.05,161.89,145.05,96.81,128.28,320.27,135.29,201.531761.33,0,14995.3,9821.3,7095.01,9192.3,10650.3,10115.3,6782.02,9465.59,22751.02,10998.16,15270.17
120-17834,0.85522397585,25,2.48229,1,100,false,false,EVEN_DIST,NO2LOW_CONGESTION,21021,10510.5,Kings, NYMTC,New York--Newark, NY--NJ--CT,New York City,22623.22,0,1651.07,1960.05,1691.12,2020.9,1958.7,2175.52,2135.57,2119.73,2334.53,2401.79,2174.2422623.22,0,34569.44,40514.27,34898.6,41197.81,40224.68,44976.05,43098.45,42726.51,46350.14,48140.66,43882.69
104+07466,1.5640529441,55,1.85967,1,100,true,false,PM_PEAK,NO2LOW_CONGESTION,29763,14881.5,Oneida, HOCTS,Utica, NY,Mohawk Valley,7398.21,364.46,78.13,369.12,537.74,493.69,444.02,2083.91,1818.1,636.51,169.66,114.03,288.847398.21,4765.72,1007.42,4286.21,7055.6,5588.37,5436.23,24441.93,20661.42,6784.68,2045.92,1733.18,3123.19
120-13907,0.37281638629,51.702,1.82795,1,100,false,false,EVEN_DIST,NO2LOW_CONGESTION,10689,5344.5,Montgomery, null,Gloversville, NY,Mohawk Valley,2285.08,0,159.65,200.61,157.23,217.63,214.8,202.68,274.09,264.37,201.33,176.27,216.412285.08,0,6432.23,8234.3,6505.81,8636.43,8757.63,8155.3,11216.43,10720.24,8328.96,7172.56,8907.55
104+08378,1.06048145828,45,1.93282,1,100,false,false,EVEN_DIST,MODERATE_CONGESTION,36774,18387,Erie, GBNRTC,Buffalo, NY,Western New York,35936.35,0,2951.17,3305.17,3004,3352.92,3545.53,3327.91,3266.85,2912.14,3306.2,3282.13,3682.3435936.35,0,34513.3,38765.73,35025.15,38950.56,41420.93,39393.24,38584.17,34474.04,38638.15,38520.89,42893.45
120+11689,0.26503337263,55,2.18723,1,100,false,false,EVEN_DIST,NO2LOW_CONGESTION,1890,945,Hamilton, null,null,Mohawk Valley,0.19,0,0.11,0.07,0,0,0,0,0.01,0,0,0,00.19,0,28.17,17.17,0,0,0,0,3.09,0,0,0,0
120-06627,0.01785820254,40,1.81931,1,100,false,false,EVEN_DIST,MODERATE_CONGESTION,46988,23494,Suffolk, NYMTC,New York--Newark, NY--NJ--CT,Long Island,216.23,115.83,7.08,7.12,7.62,16.1,12.18,8.75,9.23,8.11,8.88,7.5,7.82216.23,1077.54,64.12,65.23,69.26,142.74,106.32,78.65,82.62,72.65,78.76,66.58,76.62
120+28025,0.05062309537,25,2.1157,1,100,false,false,EVEN_DIST,MODERATE_CONGESTION,20644,20644,New York, NYMTC,New York--Newark, NY--NJ--CT,New York City,3356.3,134.14,244.12,320.49,276.02,348.83,316.7,289.68,312.37,264.68,320.6,313.38,215.33356.3,1514.24,2664.86,3463.54,2977.63,3714.77,3422.45,3046.5,3338.23,2849.33,3391.54,3418.44,2258.78
120P04759,0.44896540234,55,1.85278,1,100,true,false,EVEN_DIST,NO2LOW_CONGESTION,91553,45776.5,Suffolk, NYMTC,New York--Newark, NY--NJ--CT,Long Island,1087.39,114.19,13.01,40.91,28.04,119.32,32.01,84.24,1.23,180.94,169.64,171.12,132.751087.39,589.22,50.18,187.22,159.18,598.55,145.22,345.11,7.02,888.75,786.72,781.29,579.33
104-08486,0.76765416082,40,1.79043,1,100,false,false,EVEN_DIST,MODERATE_CONGESTION,28549,14274.5,Erie, GBNRTC,Buffalo, NY,Western New York,26775.99,0,1842.47,2385.02,2175.7,2599.98,2490.72,2103.91,2644.77,2704.97,3041.77,2181.9,2604.7726775.99,0,27763.6,35602.16,31807.9,38579.2,36574.12,31401.82,39499.57,39845.16,44359.31,32099.19,37750.53
120+24669,1.65549390046,40,1.89971,1,100,false,false,PM_PEAK,NO2LOW_CONGESTION,24182,12091,Albany, CDTC,Albany--Schenectady, NY,Capital District,8287.77,0,611.3,1099.6,659.27,1246.48,664.89,346.87,908.75,580.96,938.57,856.33,374.758287.77,0,9730.69,16783.89,10762.1,19148.21,10563.99,5798.42,14892.31,9459.97,15526.04,13221.1,5512.85
104+08413,0.86996910968,30,1.8162,1,100,false,false,EVEN_DIST,NO2LOW_CONGESTION,11581,5790.5,Erie, GBNRTC,Buffalo, NY,Western New York,2533.6,0,278.92,361.11,145.82,222.34,254.96,206.99,239.19,175.98,221.58,201.25,225.452533.6,0,9248.44,12459.88,5548.39,7966.07,10188.34,8094.77,8818.93,6220.44,8400.85,7584.58,8478.26
120P04813,0.32587180724,55,1.66603,1,100,false,false,EVEN_DIST,NO2LOW_CONGESTION,103664,51832,Westchester, NYMTC,New York--Newark, NY--NJ--CT,Hudson Valley,386.55,0,41.49,17.87,15.8,120,14.53,64.12,6.65,1.09,13.75,6.3,84.94386.55,0,208.5,83.6,79.15,407.6,73.8,278.95,31.25,5.45,68.4,31.25,380.56
104+08245,0.66941540572,30,2.03401,1,100,false,false,EVEN_DIST,NO2LOW_CONGESTION,10443,5221.5,Erie, GBNRTC,Buffalo, NY,Western New York,7299.16,0,600.55,692.38,590.1,627.5,625.35,579.17,578.3,544.71,632.2,689.03,1139.877299.16,0,25598.86,28739.61,25006.95,26271.4,26569.48,24457.34,24854.65,22726.55,26604.63,28938.38,49344.62
120N06350,0.05473657139,30,2.14919,1,100,false,false,EVEN_DIST,NO2LOW_CONGESTION,29374,14687,Kings, NYMTC,New York--Newark, NY--NJ--CT,New York City,1739.41,0,136.47,166.71,129.12,182.64,159.74,130.9,137.68,156.9,180.97,177.85,180.451739.41,0,2195.58,2648.47,2077.07,2811.47,2524.82,2094.96,2228.51,2483.36,2846.06,2832.18,2837.31
120+05110,0.09178271041,50,2.0528,1,100,true,true,EVEN_DIST,NO2LOW_CONGESTION,60449,30224.5,Queens, NYMTC,New York--Newark, NY--NJ--CT,New York City,41.28,15.28,2.76,0.45,0,4.74,5.76,3.76,1.46,0.72,1.02,3.51,1.8241.28,102.74,23.81,3.92,-0.01,42.9,45.83,29.89,13.93,5.97,6.99,28.86,12.9
120+06998,0.78034877035,25,2.11564,1,100,false,false,EVEN_DIST,NO2LOW_CONGESTION,30976,15488,New York, NYMTC,New York--Newark, NY--NJ--CT,New York City,64291.9,0,6025.8,6322.74,5051.86,6198.23,5555.24,4515.3,5134.95,5519.59,6667.37,6880.58,6420.2464291.9,0,84689.09,88445.53,71285.65,85809.29,77381.86,63104.02,71771.31,77026.75,93649.85,95419.79,88553.52
104-05952,0.08120076228,55,1.87611,1,100,true,false,EVEN_DIST,NO2LOW_CONGESTION,18543,9271.5,Oneida, HOCTS,Utica, NY,Mohawk Valley,49.8,45.96,0.28,3.06,0,0.01,0.01,0.13,0.01,0,0,0.34,0.0149.8,1088.49,6.28,68.99,0,0.14,0.14,4.14,0.28,0,0,7.14,0.28
120N18200,0.00725761328,30,1.8819,1,100,false,false,EVEN_DIST,NO2LOW_CONGESTION,32443,16221.5,Nassau, NYMTC,New York--Newark, NY--NJ--CT,Long Island,148.43,0,10.85,10.68,9.43,12.83,13.7,12.31,17.99,16.95,17.73,14.49,11.46148.43,0,134.67,132.51,122.43,165.06,172.15,156.91,238.4,225.96,234.45,191.19,144.77
120+04822,0.01575796856,55,1.66443,1,100,true,true,EVEN_DIST,MODERATE_CONGESTION,127540,63770,Westchester, NYMTC,New York--Newark, NY--NJ--CT,Hudson Valley,527.98,471.87,1.7,2.4,2.44,10.94,6.38,3.07,3.99,3.66,10.2,2.28,9.06527.98,1633.51,6.21,8.78,9.9,36.1,20.3,10.9,13.93,11.11,31.1,7.59,29.89
120+14173,1.91020008707,45,1.87577,1,1,false,false,EVEN_DIST,MODERATE_CONGESTION,24039,12019.5,Putnam, NYMTC,New York--Newark, NY--NJ--CT,Hudson Valley,10942.75,1250.25,612.91,726.59,476.84,839.16,1022.9,848.73,572.66,1066.72,1428.28,1344.05,753.6610942.75,22132,11275.73,13574.59,8795.13,15244.95,18477.72,15654.21,10638.89,19771.03,27167.82,23871.21,13926.25
104N04994,0.25993191672,65,2.17757,1,100,false,false,EVEN_DIST,NO2LOW_CONGESTION,19759,9879.5,Cortland, null,Cortland, NY,Central New York,17.03,5.94,0,0.7,0,9.05,1.33,0,0,0,0,0,017.03,139.24,0,16.03,0,162.08,32.06,0,0,0,0,0,0
104N05012,0.51321516374,65,2.06399,1,100,true,true,EVEN_DIST,NO2LOW_CONGESTION,20422,10211,Jefferson, null,Adams, NY,North Country,16.51,10.86,3.18,0,0,0.56,0,0,0.08,0,0,0,1.8216.51,241.04,53.25,0,0,16.63,0,0,1.63,0,0,0,37.51
120-07937,0.22443299149,55,1.90528,1,100,false,false,EVEN_DIST,NO2LOW_CONGESTION,15501,7750.5,Columbia, null,null,Hudson Valley,35.36,4.76,1.96,5.06,5.38,3.07,2.96,2.8,1.61,1.7,2.18,2.74,1.1535.36,140.33,60.78,133.84,181.26,93.75,85.2,83.2,38.71,56.68,67.01,83.81,31.65
120+07175,0.51954072052,45,1.87606,1,100,false,false,PM_PEAK,MODERATE_CONGESTION,18192,9096,Westchester, NYMTC,New York--Newark, NY--NJ--CT,Hudson Valley,1302.78,214.53,66.52,43.25,77.29,116.43,230.52,124.42,116.99,67.93,131.41,63.97,49.521302.78,5104.93,1295.3,935.48,1711.86,2062.41,4210.07,2367.86,2106.41,1252.59,2404.24,1213.31,923.22
104+07859,2.92749626085,40,2.00975,1,100,false,false,EVEN_DIST,NO2LOW_CONGESTION,3919,1959.5,Lewis, WJCATC,Watertown, NY,North Country,100.11,0,22.41,6,15.8,13.59,5.08,3.57,6.8,9.34,11.8,5.11,0.6100.11,0,2284.63,627.38,1777.88,1211.63,502.38,478.75,900,994.63,1393.63,657.75,79.75
104P10733,0.00988601261,30,1.88356,1,100,true,false,EVEN_DIST,MODERATE_CONGESTION,11189,5594.5,Niagara, GBNRTC,Buffalo, NY,Western New York,3.48,0,0.21,0.35,0.21,1,0.03,0.3,0.18,0.46,0,0.3,0.453.48,0,7.44,13.1,7.44,36.1,1.44,11.66,6.44,20.44,0,12.44,17.44
120P04947,0.06718884623,50,1.99403,1,100,false,false,AM_PEAK,SEVERE_CONGESTION,129854,64927,Queens, NYMTC,New York--Newark, NY--NJ--CT,New York City,19830.01,5136,869.02,1434.55,1183.13,1365.8,1152.79,1164,1203.23,1205.6,1698.09,1780,1637.7919830.01,17475.01,2900.51,4834.93,3947.57,4599.31,3874.68,3887.64,4007.01,4047.13,5750.37,5967.85,5478.79
104+04179,0.94253281506,65,2.23425,1,100,true,false,EVEN_DIST,NO2LOW_CONGESTION,33221,16610.5,Onondaga, SMTC,Syracuse, NY,Central New York,104.11,80.18,10.11,2.34,3.19,0.12,0,0,0,0,1.52,0,6.64104.11,907.93,172.98,23.99,39,2,0,0,0,0,19,0,77.98
120N05146,0.26899771961,50,2.05275,1,100,true,true,EVEN_DIST,NO2LOW_CONGESTION,53868,26934,Queens, NYMTC,New York--Newark, NY--NJ--CT,New York City,166.71,3.34,13.98,4.75,13.55,0.43,8.22,11.33,41.29,53.76,1.96,0.24,13.86166.71,25.16,119.69,35.2,110.08,4.04,81.13,84.96,280.85,425.96,16.04,2.16,113.09
120+08243,1.65467990445,30,1.9065,1,100,false,false,EVEN_DIST,NO2LOW_CONGESTION,9021,9021,Rensselaer, CDTC,Albany--Schenectady, NY,Capital District,20823.19,1841.01,1682.5,2245.9,1259.84,1911.27,1535.36,1207.59,1576.07,1857.66,2144.24,1905.53,1656.2320823.19,43866.24,41989.3,53954.39,29949.14,46106.65,35495.13,30034.46,38577.6,44582.27,52338.9,46205.96,40665.39
120P06526,0.04392471599,55,1.88235,1,100,false,false,PM_PEAK,SEVERE_CONGESTION,31106,15553,Suffolk, NYMTC,New York--Newark, NY--NJ--CT,Long Island,1907.34,86.16,124.97,167.05,154.69,206.17,164.44,137.6,153.51,179.25,196.89,180.46,156.151907.34,1253.33,1682.83,2312.95,2128.78,2850.15,2264.11,1856.83,2098.2,2506.82,2783.31,2483.82,2167.37
120P23538,0.10089200927,30,1.87586,1,4,false,false,EVEN_DIST,MODERATE_CONGESTION,13349,13349,Westchester, NYMTC,New York--Newark, NY--NJ--CT,Hudson Valley,6164.34,89.1,441.24,573.59,522.52,569.39,533,458.87,457.04,615.68,697.42,706.51,5006164.34,1537.82,7253.41,9367.85,8596.92,9229.72,8500.85,7381.44,7367.47,9919.07,11266.8,11289.89,8146.3
120-06358,0.33252669065,25,2.24375,1,100,false,false,EVEN_DIST,NO2LOW_CONGESTION,14711,7355.5,Kings, NYMTC,New York--Newark, NY--NJ--CT,New York City,14837.54,0,1145.86,1367.96,1109.86,1558.49,1479.1,1335.93,1389.81,1289.35,1427.42,1415.74,1318.0214837.54,0,33567.49,40350.54,32665.55,45653.14,42919.63,38843.39,40924.65,37896.57,42484.1,41726.91,38965.55
120P29042,0.01301772245,50,1.83376,1,100,true,false,EVEN_DIST,MODERATE_CONGESTION,66949,33474.5,Bronx, NYMTC,New York--Newark, NY--NJ--CT,New York City,434.69,0,40.3,57.47,38.52,56.94,48.72,37.03,46.1,63.47,46.15,0,0434.69,0,251.49,344.38,239.55,351.01,303.49,227.24,294.18,397.57,304.88,0,0
104-08330,2.04815066278,55,2.35899,1,100,false,false,EVEN_DIST,NO2LOW_CONGESTION,8873,4436.5,Erie, GBNRTC,Buffalo, NY,Western New York,494.92,0,26.6,71.66,33.59,49.94,48.88,7.24,31.16,22.33,90.03,31.17,82.32494.92,0,1563.83,3692.35,1659.22,2451.48,2261.18,328.7,1472.92,1187.65,4471.65,1520.52,3910.7
104-08452,0.73434867522,40,1.71574,1,100,false,false,EVEN_DIST,MODERATE_CONGESTION,28901,14450.5,Erie, GBNRTC,Buffalo, NY,Western New York,14426.72,0,973.75,1303.95,1234.65,1195.53,1308.33,1221.37,1316.55,1485.18,1633.83,1382.36,1371.2114426.72,0,14071.53,19255.55,18007.05,17146.92,19634.44,18102.88,19164.57,22190.4,23935.44,19622.44,20653.66
120-08075,0.1731139606,45,1.89981,1,100,false,false,EVEN_DIST,SEVERE_CONGESTION,34648,17324,Saratoga, CDTC,Albany--Schenectady, NY,Capital District,9631.58,325.96,734.46,776.61,823.61,926.31,965.18,760.23,852.56,821.86,863.64,871.72,909.449631.58,4311.36,9356.69,9845.95,10372.95,11796.94,12195.88,9596.95,10890.75,10523.82,10932.88,10991.27,11389.38
104-08219,0.55809679107,35,1.90901,1,43,false,false,EVEN_DIST,NO2LOW_CONGESTION,8022,4011,Chautauqua, null,Dunkirk--Fredonia, NY,Western New York,525.44,0,49.05,50.56,37.7,43.08,54.22,66.32,45.91,28.63,52.76,27.31,69.9525.44,0,2544.03,2764.47,1922.75,2440.01,2707.21,3521.33,2453.23,1638.66,2991.77,1518.64,3607.84
120-05356,0.15758589931,50,1.83382,1,100,true,false,EVEN_DIST,SEVERE_CONGESTION,122363,61181.5,Queens, NYMTC,New York--Newark, NY--NJ--CT,New York City,11829.24,2628.91,684.66,1014.95,622.24,880.12,908.32,525.12,652.87,747.32,839.19,1220.78,1104.7511829.24,9383.29,2441.19,3686.27,2206.87,3128.85,3278.15,1945.98,2428.33,2677.81,3081.94,4474.21,3962.04
104P04134,0.25203429131,65,2.13539,1,100,true,true,EVEN_DIST,NO2LOW_CONGESTION,31258,15629,Onondaga, SMTC,Syracuse, NY,Central New York,18.13,0,1.98,8.71,1.57,0,0,0,0,0.21,0.16,0.21,5.318.13,0,27.15,115.09,30.47,0,0,0,0,2.74,2.74,2.74,73.47
120-22581,0.33214144063,30,1.7665,1,4,true,false,EVEN_DIST,NO2LOW_CONGESTION,106423,53211.5,Westchester, NYMTC,New York--Newark, NY--NJ--CT,Hudson Valley,35247.91,0,3424.43,3019.2,2624.46,3798.95,3899.87,2797.63,3286.95,3077.31,3234.55,3163.61,2920.9535247.91,0,13850.45,11989.1,10580.31,15157.33,15255.19,11400.23,12990.32,11962.26,13316.83,12637.55,11403.46
120+18118,0.81651877626,25,2.11574,1,100,false,false,EVEN_DIST,NO2LOW_CONGESTION,8263,4131.5,Kings, NYMTC,New York--Newark, NY--NJ--CT,New York City,6896.18,1181.96,518.02,588.39,415.72,572.9,540.49,474.55,530.09,548.74,548.98,562.93,413.426896.18,62815.63,27260.57,32085.14,21966.8,30660.06,28556.56,24968.85,27072.41,29327.34,29225.85,30226.5,21891.91
104N05880,0.00822073833,45,1.95122,1,100,false,false,EVEN_DIST,NO2LOW_CONGESTION,10019,5009.5,Cattaraugus, null,Olean, NY,Western New York,0.06,0,0.02,0.02,0,-0.01,0.05,-0.01,-0.01,0.01,-0.01,0,00.06,0,0.81,0.71,-0.19,-0.48,2.71,-0.29,-0.38,0.52,-0.29,-0.1,-0.1
120P10332,0.09021064178,50,1.85617,1,100,false,false,EVEN_DIST,MODERATE_CONGESTION,20779,10389.5,Nassau, NYMTC,New York--Newark, NY--NJ--CT,Long Island,1777.75,2.66,104.86,139.72,129.26,161.51,172.79,131.04,149.01,190.93,214.12,199.63,182.221777.75,59.87,2261.45,2951.73,2679.41,3324.44,3571.61,2757.29,3128.2,3996.21,4425.45,4176.58,3760.2
120P19250,0.02386686011,25,2.11575,1,100,false,false,EVEN_DIST,NO2LOW_CONGESTION,12027,6013.5,Bronx, NYMTC,New York--Newark, NY--NJ--CT,New York City,418.97,6.25,39.48,40.72,40.82,48.19,44.17,28.28,36.31,29.23,36.82,34.05,34.65418.97,233.79,1426.94,1467.14,1454.06,1729.33,1558.22,1059.79,1308.54,1067.19,1313.83,1264.46,1226.19
120+05390,0.22147526553,50,1.8338,1,100,true,false,AM_PEAK,MODERATE_CONGESTION,83268,41634,Queens, NYMTC,New York--Newark, NY--NJ--CT,New York City,9880.83,865.43,686.93,1150.68,701.86,1209.83,590.46,291.3,176.79,1054.48,1236.6,1084.24,832.259880.83,3891.37,3242.99,5462.67,3257.18,5989.01,2760.6,1274.22,928.3,4825.21,5604.25,4873.71,3886.41
120+16286,2.20609695727,55,1.88185,1,100,false,false,EVEN_DIST,NO2LOW_CONGESTION,28565,14282.5,Nassau, NYMTC,New York--Newark, NY--NJ--CT,Long Island,26441.96,1642.86,1810.06,2084.54,1898.67,2458.03,2686.61,2241.79,2445.81,2255.8,2603.09,2214.13,2100.5826441.96,24463.36,27970.1,31825.9,28638.49,36777.62,40238.96,33919.55,36472.35,33931.91,39834.67,33292.6,31445.51
120+10544,3.44765213866,35,2.00207,1,1,false,false,EVEN_DIST,NO2LOW_CONGESTION,3410,1705,Westchester, NYMTC,New York--Newark, NY--NJ--CT,Hudson Valley,55.94,0,0,0,0,0,9.23,0,0,3.09,30.09,0.75,12.7855.94,0,-0.03,0,0,0,1338.95,0,0,394.92,3404.87,98.97,1684.9
120P19388,0.06086950316,29.654,1.88187,1,100,false,false,EVEN_DIST,NO2LOW_CONGESTION,26779,13389.5,Suffolk, NYMTC,New York--Newark, NY--NJ--CT,Long Island,77.62,7.56,5.57,5.45,4.62,2.53,0.52,1.26,11.87,15.47,3.8,3.54,15.4477.62,120.74,101.3,77.3,66.13,41.3,10.22,16.09,208.48,234.48,67.26,58.22,237.48
120-05366,0.55397088763,50,1.83383,1,100,true,false,EVEN_DIST,NO2LOW_CONGESTION,169034,84517,Queens, NYMTC,New York--Newark, NY--NJ--CT,New York City,5611.72,372.21,377.31,925.69,665.62,833.13,332.34,228.18,53.53,256.42,611.28,574.04,381.965611.72,914.75,933.61,2449.46,1859.99,2011.42,982.04,725.9,181.62,643.66,1404.37,1290.66,875.89
120N18838,0.04025241338,30,1.85318,1,100,false,false,EVEN_DIST,NO2LOW_CONGESTION,102447,51223.5,Kings, NYMTC,New York--Newark, NY--NJ--CT,New York City,8861.76,421.39,794.26,1034.17,798.91,888.19,702.03,535.03,616.12,721.61,811.9,782.6,755.568861.76,1868.72,3533,4475.33,3447.89,3838.82,3077.37,2375.93,2713.24,3165.95,3529.33,3474.78,3358.69
120P16930,0.01919415019,25,2.07837,1,100,false,false,EVEN_DIST,MODERATE_CONGESTION,16230,8115,Queens, NYMTC,New York--Newark, NY--NJ--CT,New York City,427.55,49.74,23.91,35.08,31.55,38.59,37.82,25.84,31.09,33.69,46.62,41.43,32.18427.55,1349.04,632.19,913.98,854.9,993.69,1004.06,706.37,847.35,895.43,1232.61,1115.34,856.08
104-07414,7.48570614668,50.167,1.91979,1,100,false,false,EVEN_DIST,NO2LOW_CONGESTION,3678,1839,Yates, null,null,Southern Tier/Central New York,45.01,3.8,6.82,16.97,14.34,0,0,0,0,0,0,3.08,045.01,482.23,784.12,1982.71,1800,0,0,0,0,0,0,417.41,0
120-28010,0.62495631067,40,1.87875,1,100,false,false,AM_PEAK,NO2LOW_CONGESTION,4432,4432,Suffolk, NYMTC,New York--Newark, NY--NJ--CT,Long Island,532.17,0,14.79,31.11,37.63,57.52,97.07,33.28,47.7,64.92,85.87,31.94,30.34532.17,0,715.64,1508.72,2004.54,2793.01,4961.31,1716.26,2419.78,3373.83,4295.93,1501.18,1634.95