bin,120P04340, ,120N05397, ,120+14882, ,120-07060, ,tstamp
0,137.181,0.003714,176.729,0.003392,23.552,0.003392,153.825,0.003392,Sun 12:00 AM
1,127.779,0.003460,164.288,0.003153,21.894,0.003153,142.996,0.003153,Sun 12:15 AM
2,115.705,0.003133,148.275,0.002846,19.760,0.002846,129.058,0.002846,Sun 12:30 AM
3,103.671,0.002807,132.054,0.002535,17.599,0.002535,114.939,0.002535,Sun 12:45 AM
4,94.003,0.002545,118.488,0.002274,15.791,0.002274,103.131,0.002274,Sun 01:00 AM
5,86.066,0.002330,106.580,0.002046,14.204,0.002046,92.767,0.002046,Sun 01:15 AM
6,79.069,0.002141,95.594,0.001835,12.740,0.001835,83.204,0.001835,Sun 01:30 AM
7,72.900,0.001974,85.832,0.001648,11.439,0.001648,74.708,0.001648,Sun 01:45 AM
8,67.413,0.001825,77.526,0.001488,10.332,0.001488,67.478,0.001488,Sun 02:00 AM
9,62.407,0.001690,70.453,0.001352,9.389,0.001352,61.322,0.001352,Sun 02:15 AM
10,58.197,0.001576,64.714,0.001242,8.624,0.001242,56.327,0.001242,Sun 02:30 AM
11,55.266,0.001496,60.605,0.001163,8.077,0.001163,52.750,0.001163,Sun 02:45 AM
12,53.998,0.001462,58.341,0.001120,7.775,0.001120,50.780,0.001120,Sun 03:00 AM
13,54.152,0.001466,57.633,0.001106,7.681,0.001106,50.164,0.001106,Sun 03:15 AM
14,55.742,0.001509,58.667,0.001126,7.818,0.001126,51.063,0.001126,Sun 03:30 AM
15,59.048,0.001599,61.892,0.001188,8.248,0.001188,53.871,0.001188,Sun 03:45 AM
16,64.263,0.001740,67.690,0.001299,9.021,0.001299,58.917,0.001299,Sun 04:00 AM
17,71.201,0.001928,75.880,0.001456,10.112,0.001456,66.046,0.001456,Sun 04:15 AM
18,79.935,0.002164,86.420,0.001659,11.517,0.001659,75.220,0.001659,Sun 04:30 AM
19,90.744,0.002457,99.453,0.001909,13.254,0.001909,86.564,0.001909,Sun 04:45 AM
20,104.070,0.002818,115.278,0.002213,15.363,0.002213,100.338,0.002213,Sun 05:00 AM
21,120.826,0.003271,134.492,0.002582,17.923,0.002582,117.062,0.002582,Sun 05:15 AM
22,139.739,0.003783,156.261,0.002999,20.825,0.002999,136.009,0.002999,Sun 05:30 AM
23,158.762,0.004298,179.200,0.003440,23.882,0.003440,155.976,0.003440,Sun 05:45 AM
24,176.053,0.004767,202.094,0.003879,26.933,0.003879,175.903,0.003879,Sun 06:00 AM
25,191.770,0.005192,225.105,0.004321,29.999,0.004321,195.931,0.004321,Sun 06:15 AM
26,206.910,0.005602,248.837,0.004776,33.162,0.004776,216.587,0.004776,Sun 06:30 AM
27,222.233,0.006017,273.660,0.005253,36.470,0.005253,238.193,0.005253,Sun 06:45 AM
28,238.420,0.006455,299.943,0.005757,39.973,0.005757,261.070,0.005757,Sun 07:00 AM
29,255.469,0.006917,327.738,0.006291,43.677,0.006291,285.263,0.006291,Sun 07:15 AM
30,272.949,0.007390,356.759,0.006848,47.545,0.006848,310.522,0.006848,Sun 07:30 AM
31,290.480,0.007865,386.696,0.007422,51.534,0.007422,336.580,0.007422,Sun 07:45 AM
32,307.735,0.008332,417.401,0.008012,55.626,0.008012,363.305,0.008012,Sun 08:00 AM
33,324.784,0.008794,449.464,0.008627,59.899,0.008627,391.213,0.008627,Sun 08:15 AM
34,341.768,0.009253,482.348,0.009258,64.282,0.009258,419.835,0.009258,Sun 08:30 AM
35,358.729,0.009713,514.974,0.009885,68.630,0.009885,448.233,0.009885,Sun 08:45 AM
36,375.789,0.010174,546.516,0.010490,72.833,0.010490,475.687,0.010490,Sun 09:00 AM
37,393.276,0.010648,577.692,0.011089,76.988,0.011089,502.822,0.011089,Sun 09:15 AM
38,410.762,0.011121,608.255,0.011675,81.061,0.011675,529.424,0.011675,Sun 09:30 AM
39,427.545,0.011576,637.288,0.012232,84.930,0.012232,554.694,0.012232,Sun 09:45 AM
40,443.072,0.011996,664.033,0.012746,88.494,0.012746,577.973,0.012746,Sun 10:00 AM
41,457.754,0.012394,688.915,0.013223,91.810,0.013223,599.630,0.013223,Sun 10:15 AM
42,471.503,0.012766,711.959,0.013666,94.881,0.013666,619.688,0.013666,Sun 10:30 AM
43,483.824,0.013100,732.785,0.014066,97.657,0.014066,637.815,0.014066,Sun 10:45 AM
44,494.314,0.013384,751.128,0.014418,100.101,0.014418,653.780,0.014418,Sun 11:00 AM
45,503.116,0.013622,767.416,0.014730,102.272,0.014730,667.957,0.014730,Sun 11:15 AM
46,510.337,0.013817,781.357,0.014998,104.130,0.014998,680.092,0.014998,Sun 11:30 AM
47,515.913,0.013968,792.261,0.015207,105.583,0.015207,689.582,0.015207,Sun 11:45 AM
48,519.648,0.014069,799.283,0.015342,106.519,0.015342,695.695,0.015342,Sun 12:00 PM
49,520.833,0.014102,801.526,0.015385,106.818,0.015385,697.646,0.015385,Sun 12:15 PM
50,520.363,0.014089,800.492,0.015365,106.680,0.015365,696.747,0.015365,Sun 12:30 PM
51,519.742,0.014072,798.500,0.015327,106.415,0.015327,695.013,0.015327,Sun 12:45 PM
52,520.324,0.014088,797.504,0.015308,106.282,0.015308,694.146,0.015308,Sun 01:00 PM
53,521.890,0.014130,796.979,0.015298,106.212,0.015298,693.689,0.015298,Sun 01:15 PM
54,523.817,0.014182,796.249,0.015284,106.115,0.015284,693.054,0.015284,Sun 01:30 PM
55,525.729,0.014234,795.236,0.015264,105.980,0.015264,692.172,0.015264,Sun 01:45 PM
56,527.342,0.014278,793.986,0.015240,105.813,0.015240,691.084,0.015240,Sun 02:00 PM
57,528.961,0.014322,792.977,0.015221,105.679,0.015221,690.206,0.015221,Sun 02:15 PM
58,530.433,0.014361,791.669,0.015196,105.504,0.015196,689.067,0.015196,Sun 02:30 PM
59,531.331,0.014386,789.060,0.015146,105.156,0.015146,686.796,0.015146,Sun 02:45 PM
60,531.334,0.014386,784.321,0.015055,104.525,0.015055,682.671,0.015055,Sun 03:00 PM
61,530.817,0.014372,777.856,0.014931,103.663,0.014931,677.045,0.014931,Sun 03:15 PM
62,529.579,0.014338,769.758,0.014775,102.584,0.014775,669.996,0.014775,Sun 03:30 PM
63,527.076,0.014271,759.718,0.014582,101.246,0.014582,661.257,0.014582,Sun 03:45 PM
64,522.916,0.014158,747.452,0.014347,99.611,0.014347,650.581,0.014347,Sun 04:00 PM
65,517.511,0.014012,732.919,0.014068,97.675,0.014068,637.931,0.014068,Sun 04:15 PM
66,510.668,0.013826,716.348,0.013750,95.466,0.013750,623.508,0.013750,Sun 04:30 PM
67,501.783,0.013586,697.967,0.013397,93.017,0.013397,607.509,0.013397,Sun 04:45 PM
68,490.233,0.013273,677.828,0.013011,90.333,0.013011,589.980,0.013011,Sun 05:00 PM
69,475.595,0.012877,655.259,0.012577,87.325,0.012577,570.337,0.012577,Sun 05:15 PM
70,458.726,0.012420,630.961,0.012111,84.087,0.012111,549.187,0.012111,Sun 05:30 PM
71,440.812,0.011935,606.221,0.011636,80.790,0.011636,527.653,0.011636,Sun 05:45 PM
72,422.699,0.011445,582.068,0.011173,77.571,0.011173,506.631,0.011173,Sun 06:00 PM
73,403.283,0.010919,557.740,0.010706,74.329,0.010706,485.456,0.010706,Sun 06:15 PM
74,383.224,0.010376,533.408,0.010239,71.086,0.010239,464.278,0.010239,Sun 06:30 PM
75,364.189,0.009860,509.998,0.009789,67.966,0.009789,443.901,0.009789,Sun 06:45 PM
76,347.675,0.009413,488.350,0.009374,65.081,0.009374,425.059,0.009374,Sun 07:00 PM
77,333.516,0.009030,468.490,0.008992,62.435,0.008992,407.773,0.008992,Sun 07:15 PM
78,320.943,0.008690,449.852,0.008635,59.951,0.008635,391.550,0.008635,Sun 07:30 PM
79,309.411,0.008377,431.913,0.008290,57.560,0.008290,375.936,0.008290,Sun 07:45 PM
80,298.573,0.008084,414.267,0.007952,55.209,0.007952,360.577,0.007952,Sun 08:00 PM
81,289.043,0.007826,397.391,0.007628,52.960,0.007628,345.888,0.007628,Sun 08:15 PM
82,280.380,0.007591,381.024,0.007314,50.778,0.007314,331.643,0.007314,Sun 08:30 PM
83,271.554,0.007352,364.482,0.006996,48.574,0.006996,317.244,0.006996,Sun 08:45 PM
84,261.638,0.007084,347.044,0.006661,46.250,0.006661,302.066,0.006661,Sun 09:00 PM
85,250.691,0.006787,328.342,0.006302,43.758,0.006302,285.789,0.006302,Sun 09:15 PM
86,239.241,0.006477,309.237,0.005936,41.211,0.005936,269.159,0.005936,Sun 09:30 PM
87,227.720,0.006166,290.869,0.005583,38.764,0.005583,253.172,0.005583,Sun 09:45 PM
88,216.466,0.005861,274.256,0.005264,36.550,0.005264,238.712,0.005264,Sun 10:00 PM
89,205.246,0.005557,259.265,0.004976,34.552,0.004976,225.663,0.004976,Sun 10:15 PM
90,194.095,0.005255,245.398,0.004710,32.704,0.004710,213.594,0.004710,Sun 10:30 PM
91,183.290,0.004963,232.345,0.004460,30.964,0.004460,202.232,0.004460,Sun 10:45 PM
92,172.910,0.004682,219.679,0.004217,29.276,0.004217,191.208,0.004217,Sun 11:00 PM
93,162.219,0.004392,206.762,0.003969,27.555,0.003969,179.966,0.003969,Sun 11:15 PM
94,151.960,0.004114,194.563,0.003735,25.929,0.003735,169.347,0.003735,Sun 11:30 PM
95,143.545,0.003886,184.606,0.003543,24.602,0.003543,160.681,0.003543,Sun 11:45 PM
96,84.609,0.002291,96.693,0.001856,12.598,0.001815,82.281,0.001815,Mon 12:00 AM
97,78.330,0.002121,88.750,0.001704,11.456,0.001650,74.820,0.001650,Mon 12:15 AM
98,70.291,0.001903,78.646,0.001510,10.006,0.001441,65.349,0.001441,Mon 12:30 AM
99,62.364,0.001689,69.041,0.001325,8.647,0.001245,56.474,0.001245,Mon 12:45 AM
100,56.132,0.001520,62.197,0.001194,7.728,0.001113,50.475,0.001113,Mon 01:00 AM
101,50.951,0.001379,57.454,0.001103,7.177,0.001034,46.875,0.001034,Mon 01:15 AM
102,46.510,0.001259,54.090,0.001038,6.850,0.000987,44.737,0.000987,Mon 01:30 AM
103,43.160,0.001169,52.105,0.001000,6.684,0.000963,43.652,0.000963,Mon 01:45 AM
104,41.089,0.001112,51.322,0.000985,6.609,0.000952,43.166,0.000952,Mon 02:00 AM
105,39.665,0.001074,50.934,0.000978,6.575,0.000947,42.942,0.000947,Mon 02:15 AM
106,39.448,0.001068,51.935,0.000997,6.682,0.000962,43.642,0.000962,Mon 02:30 AM
107,41.558,0.001125,55.988,0.001075,7.071,0.001018,46.180,0.001018,Mon 02:45 AM
108,46.704,0.001265,64.024,0.001229,7.806,0.001124,50.980,0.001124,Mon 03:00 AM
109,53.549,0.001450,73.313,0.001407,8.601,0.001239,56.174,0.001239,Mon 03:15 AM
110,63.093,0.001708,86.223,0.001655,9.725,0.001401,63.516,0.001401,Mon 03:30 AM
111,77.551,0.002100,107.573,0.002065,11.709,0.001686,76.472,0.001686,Mon 03:45 AM
112,98.625,0.002670,141.713,0.002720,14.969,0.002156,97.764,0.002156,Mon 04:00 AM
113,124.751,0.003378,188.419,0.003617,19.195,0.002765,125.366,0.002765,Mon 04:15 AM
114,156.540,0.004238,245.173,0.004706,24.459,0.003523,159.747,0.003523,Mon 04:30 AM
115,196.078,0.005309,309.897,0.005948,31.126,0.004483,203.290,0.004483,Mon 04:45 AM
116,246.579,0.006676,382.297,0.007338,39.720,0.005721,259.421,0.005721,Mon 05:00 AM
117,313.926,0.008500,469.635,0.009014,51.089,0.007358,333.674,0.007358,Mon 05:15 AM
118,389.716,0.010552,564.255,0.010831,63.984,0.009216,417.892,0.009216,Mon 05:30 AM
119,460.453,0.012467,651.971,0.012514,76.425,0.011007,499.145,0.011007,Mon 05:45 AM
120,514.712,0.013936,720.897,0.013837,86.821,0.012505,567.046,0.012505,Mon 06:00 AM
121,556.673,0.015072,775.895,0.014893,96.164,0.013851,628.067,0.013851,Mon 06:15 AM
122,589.067,0.015949,819.258,0.015725,104.393,0.015036,681.813,0.015036,Mon 06:30 AM
123,610.308,0.016524,848.305,0.016283,110.473,0.015911,721.522,0.015911,Mon 06:45 AM
124,618.049,0.016734,859.443,0.016497,113.321,0.016322,740.120,0.016322,Mon 07:00 AM
125,608.373,0.016472,847.583,0.016269,112.297,0.016174,733.431,0.016174,Mon 07:15 AM
126,587.008,0.015893,820.494,0.015749,108.779,0.015667,710.457,0.015667,Mon 07:30 AM
127,563.057,0.015245,790.342,0.015170,104.665,0.015075,683.589,0.015075,Mon 07:45 AM
128,544.077,0.014731,767.115,0.014724,101.498,0.014619,662.901,0.014619,Mon 08:00 AM
129,526.463,0.014254,745.732,0.014314,98.426,0.014176,642.837,0.014176,Mon 08:15 AM
130,509.306,0.013789,725.328,0.013922,95.388,0.013739,622.996,0.013739,Mon 08:30 AM
131,495.333,0.013411,710.148,0.013631,93.168,0.013419,608.498,0.013419,Mon 08:45 AM
132,487.042,0.013187,704.218,0.013517,92.503,0.013323,604.156,0.013323,Mon 09:00 AM
133,484.544,0.013119,708.244,0.013594,93.497,0.013466,610.645,0.013466,Mon 09:15 AM
134,486.127,0.013162,718.916,0.013799,95.568,0.013765,624.172,0.013765,Mon 09:30 AM
135,490.125,0.013270,732.417,0.014058,98.088,0.014128,640.627,0.014128,Mon 09:45 AM
136,495.322,0.013411,745.743,0.014314,100.557,0.014483,656.759,0.014483,Mon 10:00 AM
137,503.132,0.013622,760.890,0.014605,103.331,0.014883,674.871,0.014883,Mon 10:15 AM
138,512.800,0.013884,777.607,0.014926,106.342,0.015316,694.540,0.015316,Mon 10:30 AM
139,522.236,0.014140,793.690,0.015235,109.182,0.015725,713.085,0.015725,Mon 10:45 AM
140,529.542,0.014337,807.207,0.015494,111.505,0.016060,728.260,0.016060,Mon 11:00 AM
141,534.789,0.014479,818.552,0.015712,113.433,0.016338,740.853,0.016338,Mon 11:15 AM
142,539.113,0.014596,828.519,0.015903,115.055,0.016571,751.447,0.016571,Mon 11:30 AM
143,543.476,0.014715,837.458,0.016075,116.327,0.016755,759.756,0.016755,Mon 11:45 AM
144,548.514,0.014851,845.422,0.016228,117.149,0.016873,765.122,0.016873,Mon 12:00 PM
145,553.016,0.014973,851.221,0.016339,117.239,0.016886,765.712,0.016886,Mon 12:15 PM
146,557.891,0.015105,856.106,0.016433,116.967,0.016847,763.932,0.016847,Mon 12:30 PM
147,565.155,0.015302,862.380,0.016553,116.943,0.016843,763.774,0.016843,Mon 12:45 PM
148,576.805,0.015617,872.178,0.016741,117.710,0.016954,768.783,0.016954,Mon 01:00 PM
149,593.516,0.016069,885.613,0.016999,119.176,0.017165,778.358,0.017165,Mon 01:15 PM
150,613.294,0.016605,901.208,0.017298,121.096,0.017441,790.900,0.017441,Mon 01:30 PM
151,633.623,0.017155,917.488,0.017611,123.334,0.017764,805.517,0.017764,Mon 01:45 PM
152,652.560,0.017668,933.478,0.017918,125.815,0.018121,821.720,0.018121,Mon 02:00 PM
153,671.629,0.018184,950.868,0.018252,128.759,0.018545,840.946,0.018545,Mon 02:15 PM
154,690.418,0.018693,968.444,0.018589,131.975,0.019008,861.953,0.019008,Mon 02:30 PM
155,707.055,0.019143,983.465,0.018877,135.071,0.019454,882.174,0.019454,Mon 02:45 PM
156,720.074,0.019496,993.716,0.019074,137.794,0.019846,899.958,0.019846,Mon 03:00 PM
157,730.696,0.019784,1000.549,0.019205,140.631,0.020255,918.489,0.020255,Mon 03:15 PM
158,738.523,0.019995,1003.908,0.019270,143.215,0.020627,935.363,0.020627,Mon 03:30 PM
159,742.036,0.020091,1002.414,0.019241,144.735,0.020846,945.291,0.020846,Mon 03:45 PM
160,739.938,0.020034,994.925,0.019097,144.470,0.020808,943.562,0.020808,Mon 04:00 PM
161,732.678,0.019837,981.961,0.018848,142.515,0.020526,930.792,0.020526,Mon 04:15 PM
162,720.590,0.019510,963.674,0.018497,139.226,0.020053,909.309,0.020053,Mon 04:30 PM
163,703.534,0.019048,939.741,0.018038,134.832,0.019420,880.613,0.019420,Mon 04:45 PM
164,681.033,0.018439,909.239,0.017452,129.412,0.018639,845.212,0.018639,Mon 05:00 PM
165,651.459,0.017638,869.492,0.016690,122.364,0.017624,799.180,0.017624,Mon 05:15 PM
166,616.877,0.016702,823.979,0.015816,114.288,0.016461,746.434,0.016461,Mon 05:30 PM
167,580.757,0.015724,778.537,0.014944,106.326,0.015314,694.435,0.015314,Mon 05:45 PM
168,545.729,0.014776,738.205,0.014170,99.459,0.014325,649.583,0.014325,Mon 06:00 PM
169,509.256,0.013788,701.515,0.013465,93.388,0.013451,609.936,0.013451,Mon 06:15 PM
170,472.410,0.012790,666.850,0.012800,87.813,0.012648,573.521,0.012648,Mon 06:30 PM
171,438.674,0.011877,634.176,0.012173,82.750,0.011918,540.454,0.011918,Mon 06:45 PM
172,411.213,0.011134,603.532,0.011585,78.249,0.011270,511.057,0.011270,Mon 07:00 PM
173,389.934,0.010557,575.321,0.011043,74.467,0.010725,486.356,0.010725,Mon 07:15 PM
174,372.920,0.010097,549.080,0.010539,71.204,0.010255,465.044,0.010255,Mon 07:30 PM
175,358.513,0.009707,523.977,0.010058,68.116,0.009811,444.880,0.009811,Mon 07:45 PM
176,345.545,0.009356,499.443,0.009587,64.931,0.009352,424.077,0.009352,Mon 08:00 PM
177,335.702,0.009089,476.457,0.009145,61.815,0.008903,403.723,0.008903,Mon 08:15 PM
178,327.895,0.008878,454.319,0.008720,58.760,0.008463,383.773,0.008463,Mon 08:30 PM
179,319.487,0.008650,431.458,0.008282,55.601,0.008008,363.142,0.008008,Mon 08:45 PM
180,308.222,0.008345,406.437,0.007801,52.175,0.007515,340.764,0.007515,Mon 09:00 PM
181,294.784,0.007981,379.162,0.007278,48.445,0.006978,316.405,0.006978,Mon 09:15 PM
182,279.865,0.007577,350.651,0.006731,44.554,0.006417,290.989,0.006417,Mon 09:30 PM
183,263.387,0.007131,321.872,0.006178,40.670,0.005858,265.625,0.005858,Mon 09:45 PM
184,245.140,0.006637,293.590,0.005635,36.926,0.005318,241.171,0.005318,Mon 10:00 PM
185,224.427,0.006076,265.172,0.005090,33.233,0.004787,217.050,0.004787,Mon 10:15 PM
186,202.132,0.005473,236.809,0.004545,29.603,0.004264,193.343,0.004264,Mon 10:30 PM
187,179.766,0.004867,209.315,0.004018,26.136,0.003764,170.698,0.003764,Mon 10:45 PM
188,158.251,0.004285,182.998,0.003513,22.876,0.003295,149.411,0.003295,Mon 11:00 PM
189,135.602,0.003671,155.980,0.002994,19.624,0.002826,128.170,0.002826,Mon 11:15 PM
190,113.369,0.003069,130.083,0.002497,16.566,0.002386,108.196,0.002386,Mon 11:30 PM
191,94.964,0.002571,108.842,0.002089,14.077,0.002028,91.941,0.002028,Mon 11:45 PM
192,84.609,0.002291,96.693,0.001856,12.598,0.001815,82.281,0.001815,Tue 12:00 AM
193,78.330,0.002121,88.750,0.001704,11.456,0.001650,74.820,0.001650,Tue 12:15 AM
194,70.291,0.001903,78.646,0.001510,10.006,0.001441,65.349,0.001441,Tue 12:30 AM
195,62.364,0.001689,69.041,0.001325,8.647,0.001245,56.474,0.001245,Tue 12:45 AM
196,56.132,0.001520,62.197,0.001194,7.728,0.001113,50.475,0.001113,Tue 01:00 AM
197,50.951,0.001379,57.454,0.001103,7.177,0.001034,46.875,0.001034,Tue 01:15 AM
198,46.510,0.001259,54.090,0.001038,6.850,0.000987,44.737,0.000987,Tue 01:30 AM
199,43.160,0.001169,52.105,0.001000,6.684,0.000963,43.652,0.000963,Tue 01:45 AM
200,41.089,0.001112,51.322,0.000985,6.609,0.000952,43.166,0.000952,Tue 02:00 AM
201,39.665,0.001074,50.934,0.000978,6.575,0.000947,42.942,0.000947,Tue 02:15 AM
202,39.448,0.001068,51.935,0.000997,6.682,0.000962,43.642,0.000962,Tue 02:30 AM
203,41.558,0.001125,55.988,0.001075,7.071,0.001018,46.180,0.001018,Tue 02:45 AM
204,46.704,0.001265,64.024,0.001229,7.806,0.001124,50.980,0.001124,Tue 03:00 AM
205,53.549,0.001450,73.313,0.001407,8.601,0.001239,56.174,0.001239,Tue 03:15 AM
206,63.093,0.001708,86.223,0.001655,9.725,0.001401,63.516,0.001401,Tue 03:30 AM
207,77.551,0.002100,107.573,0.002065,11.709,0.001686,76.472,0.001686,Tue 03:45 AM
208,98.625,0.002670,141.713,0.002720,14.969,0.002156,97.764,0.002156,Tue 04:00 AM
209,124.751,0.003378,188.419,0.003617,19.195,0.002765,125.366,0.002765,Tue 04:15 AM
210,156.540,0.004238,245.173,0.004706,24.459,0.003523,159.747,0.003523,Tue 04:30 AM
211,196.078,0.005309,309.897,0.005948,31.126,0.004483,203.290,0.004483,Tue 04:45 AM
212,246.579,0.006676,382.297,0.007338,39.720,0.005721,259.421,0.005721,Tue 05:00 AM
213,313.926,0.008500,469.635,0.009014,51.089,0.007358,333.674,0.007358,Tue 05:15 AM
214,389.716,0.010552,564.255,0.010831,63.984,0.009216,417.892,0.009216,Tue 05:30 AM
215,460.453,0.012467,651.971,0.012514,76.425,0.011007,499.145,0.011007,Tue 05:45 AM
216,514.712,0.013936,720.897,0.013837,86.821,0.012505,567.046,0.012505,Tue 06:00 AM
217,556.673,0.015072,775.895,0.014893,96.164,0.013851,628.067,0.013851,Tue 06:15 AM
218,589.067,0.015949,819.258,0.015725,104.393,0.015036,681.813,0.015036,Tue 06:30 AM
219,610.308,0.016524,848.305,0.016283,110.473,0.015911,721.522,0.015911,Tue 06:45 AM
220,618.049,0.016734,859.443,0.016497,113.321,0.016322,740.120,0.016322,Tue 07:00 AM
221,608.373,0.016472,847.583,0.016269,112.297,0.016174,733.431,0.016174,Tue 07:15 AM
222,587.008,0.015893,820.494,0.015749,108.779,0.015667,710.457,0.015667,Tue 07:30 AM
223,563.057,0.015245,790.342,0.015170,104.665,0.015075,683.589,0.015075,Tue 07:45 AM
224,544.077,0.014731,767.115,0.014724,101.498,0.014619,662.901,0.014619,Tue 08:00 AM
225,526.463,0.014254,745.732,0.014314,98.426,0.014176,642.837,0.014176,Tue 08:15 AM
226,509.306,0.013789,725.328,0.013922,95.388,0.013739,622.996,0.013739,Tue 08:30 AM
227,495.333,0.013411,710.148,0.013631,93.168,0.013419,608.498,0.013419,Tue 08:45 AM
228,487.042,0.013187,704.218,0.013517,92.503,0.013323,604.156,0.013323,Tue 09:00 AM
229,484.544,0.013119,708.244,0.013594,93.497,0.013466,610.645,0.013466,Tue 09:15 AM
230,486.127,0.013162,718.916,0.013799,95.568,0.013765,624.172,0.013765,Tue 09:30 AM
231,490.125,0.013270,732.417,0.014058,98.088,0.014128,640.627,0.014128,Tue 09:45 AM
232,495.322,0.013411,745.743,0.014314,100.557,0.014483,656.759,0.014483,Tue 10:00 AM
233,503.132,0.013622,760.890,0.014605,103.331,0.014883,674.871,0.014883,Tue 10:15 AM
234,512.800,0.013884,777.607,0.014926,106.342,0.015316,694.540,0.015316,Tue 10:30 AM
235,522.236,0.014140,793.690,0.015235,109.182,0.015725,713.085,0.015725,Tue 10:45 AM
236,529.542,0.014337,807.207,0.015494,111.505,0.016060,728.260,0.016060,Tue 11:00 AM
237,534.789,0.014479,818.552,0.015712,113.433,0.016338,740.853,0.016338,Tue 11:15 AM
238,539.113,0.014596,828.519,0.015903,115.055,0.016571,751.447,0.016571,Tue 11:30 AM
239,543.476,0.014715,837.458,0.016075,116.327,0.016755,759.756,0.016755,Tue 11:45 AM
240,548.514,0.014851,845.422,0.016228,117.149,0.016873,765.122,0.016873,Tue 12:00 PM
241,553.016,0.014973,851.221,0.016339,117.239,0.016886,765.712,0.016886,Tue 12:15 PM
242,557.891,0.015105,856.106,0.016433,116.967,0.016847,763.932,0.016847,Tue 12:30 PM
243,565.155,0.015302,862.380,0.016553,116.943,0.016843,763.774,0.016843,Tue 12:45 PM
244,576.805,0.015617,872.178,0.016741,117.710,0.016954,768.783,0.016954,Tue 01:00 PM
245,593.516,0.016069,885.613,0.016999,119.176,0.017165,778.358,0.017165,Tue 01:15 PM
246,613.294,0.016605,901.208,0.017298,121.096,0.017441,790.900,0.017441,Tue 01:30 PM
247,633.623,0.017155,917.488,0.017611,123.334,0.017764,805.517,0.017764,Tue 01:45 PM
248,652.560,0.017668,933.478,0.017918,125.815,0.018121,821.720,0.018121,Tue 02:00 PM
249,671.629,0.018184,950.868,0.018252,128.759,0.018545,840.946,0.018545,Tue 02:15 PM
250,690.418,0.018693,968.444,0.018589,131.975,0.019008,861.953,0.019008,Tue 02:30 PM
251,707.055,0.019143,983.465,0.018877,135.071,0.019454,882.174,0.019454,Tue 02:45 PM
252,720.074,0.019496,993.716,0.019074,137.794,0.019846,899.958,0.019846,Tue 03:00 PM
253,730.696,0.019784,1000.549,0.019205,140.631,0.020255,918.489,0.020255,Tue 03:15 PM
254,738.523,0.019995,1003.908,0.019270,143.215,0.020627,935.363,0.020627,Tue 03:30 PM
255,742.036,0.020091,1002.414,0.019241,144.735,0.020846,945.291,0.020846,Tue 03:45 PM
256,739.938,0.020034,994.925,0.019097,144.470,0.020808,943.562,0.020808,Tue 04:00 PM
257,732.678,0.019837,981.961,0.018848,142.515,0.020526,930.792,0.020526,Tue 04:15 PM
258,720.590,0.019510,963.674,0.018497,139.226,0.020053,909.309,0.020053,Tue 04:30 PM
259,703.534,0.019048,939.741,0.018038,134.832,0.019420,880.613,0.019420,Tue 04:45 PM
260,681.033,0.018439,909.239,0.017452,129.412,0.018639,845.212,0.018639,Tue 05:00 PM
261,651.459,0.017638,869.492,0.016690,122.364,0.017624,799.180,0.017624,Tue 05:15 PM
262,616.877,0.016702,823.979,0.015816,114.288,0.016461,746.434,0.016461,Tue 05:30 PM
263,580.757,0.015724,778.537,0.014944,106.326,0.015314,694.435,0.015314,Tue 05:45 PM
264,545.729,0.014776,738.205,0.014170,99.459,0.014325,649.583,0.014325,Tue 06:00 PM
265,509.256,0.013788,701.515,0.013465,93.388,0.013451,609.936,0.013451,Tue 06:15 PM
266,472.410,0.012790,666.850,0.012800,87.813,0.012648,573.521,0.012648,Tue 06:30 PM
267,438.674,0.011877,634.176,0.012173,82.750,0.011918,540.454,0.011918,Tue 06:45 PM
268,411.213,0.011134,603.532,0.011585,78.249,0.011270,511.057,0.011270,Tue 07:00 PM
269,389.934,0.010557,575.321,0.011043,74.467,0.010725,486.356,0.010725,Tue 07:15 PM
270,372.920,0.010097,549.080,0.010539,71.204,0.010255,465.044,0.010255,Tue 07:30 PM
271,358.513,0.009707,523.977,0.010058,68.116,0.009811,444.880,0.009811,Tue 07:45 PM
272,345.545,0.009356,499.443,0.009587,64.931,0.009352,424.077,0.009352,Tue 08:00 PM
273,335.702,0.009089,476.457,0.009145,61.815,0.008903,403.723,0.008903,Tue 08:15 PM
274,327.895,0.008878,454.319,0.008720,58.760,0.008463,383.773,0.008463,Tue 08:30 PM
275,319.487,0.008650,431.458,0.008282,55.601,0.008008,363.142,0.008008,Tue 08:45 PM
276,308.222,0.008345,406.437,0.007801,52.175,0.007515,340.764,0.007515,Tue 09:00 PM
277,294.784,0.007981,379.162,0.007278,48.445,0.006978,316.405,0.006978,Tue 09:15 PM
278,279.865,0.007577,350.651,0.006731,44.554,0.006417,290.989,0.006417,Tue 09:30 PM
279,263.387,0.007131,321.872,0.006178,40.670,0.005858,265.625,0.005858,Tue 09:45 PM
280,245.140,0.006637,293.590,0.005635,36.926,0.005318,241.171,0.005318,Tue 10:00 PM
281,224.427,0.006076,265.172,0.005090,33.233,0.004787,217.050,0.004787,Tue 10:15 PM
282,202.132,0.005473,236.809,0.004545,29.603,0.004264,193.343,0.004264,Tue 10:30 PM
283,179.766,0.004867,209.315,0.004018,26.136,0.003764,170.698,0.003764,Tue 10:45 PM
284,158.251,0.004285,182.998,0.003513,22.876,0.003295,149.411,0.003295,Tue 11:00 PM
285,135.602,0.003671,155.980,0.002994,19.624,0.002826,128.170,0.002826,Tue 11:15 PM
286,113.369,0.003069,130.083,0.002497,16.566,0.002386,108.196,0.002386,Tue 11:30 PM
287,94.964,0.002571,108.842,0.002089,14.077,0.002028,91.941,0.002028,Tue 11:45 PM
288,84.609,0.002291,96.693,0.001856,12.598,0.001815,82.281,0.001815,Wed 12:00 AM
289,78.330,0.002121,88.750,0.001704,11.456,0.001650,74.820,0.001650,Wed 12:15 AM
290,70.291,0.001903,78.646,0.001510,10.006,0.001441,65.349,0.001441,Wed 12:30 AM
291,62.364,0.001689,69.041,0.001325,8.647,0.001245,56.474,0.001245,Wed 12:45 AM
292,56.132,0.001520,62.197,0.001194,7.728,0.001113,50.475,0.001113,Wed 01:00 AM
293,50.951,0.001379,57.454,0.001103,7.177,0.001034,46.875,0.001034,Wed 01:15 AM
294,46.510,0.001259,54.090,0.001038,6.850,0.000987,44.737,0.000987,Wed 01:30 AM
295,43.160,0.001169,52.105,0.001000,6.684,0.000963,43.652,0.000963,Wed 01:45 AM
296,41.089,0.001112,51.322,0.000985,6.609,0.000952,43.166,0.000952,Wed 02:00 AM
297,39.665,0.001074,50.934,0.000978,6.575,0.000947,42.942,0.000947,Wed 02:15 AM
298,39.448,0.001068,51.935,0.000997,6.682,0.000962,43.642,0.000962,Wed 02:30 AM
299,41.558,0.001125,55.988,0.001075,7.071,0.001018,46.180,0.001018,Wed 02:45 AM
300,46.704,0.001265,64.024,0.001229,7.806,0.001124,50.980,0.001124,Wed 03:00 AM
301,53.549,0.001450,73.313,0.001407,8.601,0.001239,56.174,0.001239,Wed 03:15 AM
302,63.093,0.001708,86.223,0.001655,9.725,0.001401,63.516,0.001401,Wed 03:30 AM
303,77.551,0.002100,107.573,0.002065,11.709,0.001686,76.472,0.001686,Wed 03:45 AM
304,98.625,0.002670,141.713,0.002720,14.969,0.002156,97.764,0.002156,Wed 04:00 AM
305,124.751,0.003378,188.419,0.003617,19.195,0.002765,125.366,0.002765,Wed 04:15 AM
306,156.540,0.004238,245.173,0.004706,24.459,0.003523,159.747,0.003523,Wed 04:30 AM
307,196.078,0.005309,309.897,0.005948,31.126,0.004483,203.290,0.004483,Wed 04:45 AM
308,246.579,0.006676,382.297,0.007338,39.720,0.005721,259.421,0.005721,Wed 05:00 AM
309,313.926,0.008500,469.635,0.009014,51.089,0.007358,333.674,0.007358,Wed 05:15 AM
310,389.716,0.010552,564.255,0.010831,63.984,0.009216,417.892,0.009216,Wed 05:30 AM
311,460.453,0.012467,651.971,0.012514,76.425,0.011007,499.145,0.011007,Wed 05:45 AM
312,514.712,0.013936,720.897,0.013837,86.821,0.012505,567.046,0.012505,Wed 06:00 AM
313,556.673,0.015072,775.895,0.014893,96.164,0.013851,628.067,0.013851,Wed 06:15 AM
314,589.067,0.015949,819.258,0.015725,104.393,0.015036,681.813,0.015036,Wed 06:30 AM
315,610.308,0.016524,848.305,0.016283,110.473,0.015911,721.522,0.015911,Wed 06:45 AM
316,618.049,0.016734,859.443,0.016497,113.321,0.016322,740.120,0.016322,Wed 07:00 AM
317,608.373,0.016472,847.583,0.016269,112.297,0.016174,733.431,0.016174,Wed 07:15 AM
318,587.008,0.015893,820.494,0.015749,108.779,0.015667,710.457,0.015667,Wed 07:30 AM
319,563.057,0.015245,790.342,0.015170,104.665,0.015075,683.589,0.015075,Wed 07:45 AM
320,544.077,0.014731,767.115,0.014724,101.498,0.014619,662.901,0.014619,Wed 08:00 AM
321,526.463,0.014254,745.732,0.014314,98.426,0.014176,642.837,0.014176,Wed 08:15 AM
322,509.306,0.013789,725.328,0.013922,95.388,0.013739,622.996,0.013739,Wed 08:30 AM
323,495.333,0.013411,710.148,0.013631,93.168,0.013419,608.498,0.013419,Wed 08:45 AM
324,487.042,0.013187,704.218,0.013517,92.503,0.013323,604.156,0.013323,Wed 09:00 AM
325,484.544,0.013119,708.244,0.013594,93.497,0.013466,610.645,0.013466,Wed 09:15 AM
326,486.127,0.013162,718.916,0.013799,95.568,0.013765,624.172,0.013765,Wed 09:30 AM
327,490.125,0.013270,732.417,0.014058,98.088,0.014128,640.627,0.014128,Wed 09:45 AM
328,495.322,0.013411,745.743,0.014314,100.557,0.014483,656.759,0.014483,Wed 10:00 AM
329,503.132,0.013622,760.890,0.014605,103.331,0.014883,674.871,0.014883,Wed 10:15 AM
330,512.800,0.013884,777.607,0.014926,106.342,0.015316,694.540,0.015316,Wed 10:30 AM
331,522.236,0.014140,793.690,0.015235,109.182,0.015725,713.085,0.015725,Wed 10:45 AM
332,529.542,0.014337,807.207,0.015494,111.505,0.016060,728.260,0.016060,Wed 11:00 AM
333,534.789,0.014479,818.552,0.015712,113.433,0.016338,740.853,0.016338,Wed 11:15 AM
334,539.113,0.014596,828.519,0.015903,115.055,0.016571,751.447,0.016571,Wed 11:30 AM
335,543.476,0.014715,837.458,0.016075,116.327,0.016755,759.756,0.016755,Wed 11:45 AM
336,548.514,0.014851,845.422,0.016228,117.149,0.016873,765.122,0.016873,Wed 12:00 PM
337,553.016,0.014973,851.221,0.016339,117.239,0.016886,765.712,0.016886,Wed 12:15 PM
338,557.891,0.015105,856.106,0.016433,116.967,0.016847,763.932,0.016847,Wed 12:30 PM
339,565.155,0.015302,862.380,0.016553,116.943,0.016843,763.774,0.016843,Wed 12:45 PM
340,576.805,0.015617,872.178,0.016741,117.710,0.016954,768.783,0.016954,Wed 01:00 PM
341,593.516,0.016069,885.613,0.016999,119.176,0.017165,778.358,0.017165,Wed 01:15 PM
342,613.294,0.016605,901.208,0.017298,121.096,0.017441,790.900,0.017441,Wed 01:30 PM
343,633.623,0.017155,917.488,0.017611,123.334,0.017764,805.517,0.017764,Wed 01:45 PM
344,652.560,0.017668,933.478,0.017918,125.815,0.018121,821.720,0.018121,Wed 02:00 PM
345,671.629,0.018184,950.868,0.018252,128.759,0.018545,840.946,0.018545,Wed 02:15 PM
346,690.418,0.018693,968.444,0.018589,131.975,0.019008,861.953,0.019008,Wed 02:30 PM
347,707.055,0.019143,983.465,0.018877,135.071,0.019454,882.174,0.019454,Wed 02:45 PM
348,720.074,0.019496,993.716,0.019074,137.794,0.019846,899.958,0.019846,Wed 03:00 PM
349,730.696,0.019784,1000.549,0.019205,140.631,0.020255,918.489,0.020255,Wed 03:15 PM
350,738.523,0.019995,1003.908,0.019270,143.215,0.020627,935.363,0.020627,Wed 03:30 PM
351,742.036,0.020091,1002.414,0.019241,144.735,0.020846,945.291,0.020846,Wed 03:45 PM
352,739.938,0.020034,994.925,0.019097,144.470,0.020808,943.562,0.020808,Wed 04:00 PM
353,732.678,0.019837,981.961,0.018848,142.515,0.020526,930.792,0.020526,Wed 04:15 PM
354,720.590,0.019510,963.674,0.018497,139.226,0.020053,909.309,0.020053,Wed 04:30 PM
355,703.534,0.019048,939.741,0.018038,134.832,0.019420,880.613,0.019420,Wed 04:45 PM
356,681.033,0.018439,909.239,0.017452,129.412,0.018639,845.212,0.018639,Wed 05:00 PM
357,651.459,0.017638,869.492,0.016690,122.364,0.017624,799.180,0.017624,Wed 05:15 PM
358,616.877,0.016702,823.979,0.015816,114.288,0.016461,746.434,0.016461,Wed 05:30 PM
359,580.757,0.015724,778.537,0.014944,106.326,0.015314,694.435,0.015314,Wed 05:45 PM
360,545.729,0.014776,738.205,0.014170,99.459,0.014325,649.583,0.014325,Wed 06:00 PM
361,509.256,0.013788,701.515,0.013465,93.388,0.013451,609.936,0.013451,Wed 06:15 PM
362,472.410,0.012790,666.850,0.012800,87.813,0.012648,573.521,0.012648,Wed 06:30 PM
363,438.674,0.011877,634.176,0.012173,82.750,0.011918,540.454,0.011918,Wed 06:45 PM
364,411.213,0.011134,603.532,0.011585,78.249,0.011270,511.057,0.011270,Wed 07:00 PM
365,389.934,0.010557,575.321,0.011043,74.467,0.010725,486.356,0.010725,Wed 07:15 PM
366,372.920,0.010097,549.080,0.010539,71.204,0.010255,465.044,0.010255,Wed 07:30 PM
367,358.513,0.009707,523.977,0.010058,68.116,0.009811,444.880,0.009811,Wed 07:45 PM
368,345.545,0.009356,499.443,0.009587,64.931,0.009352,424.077,0.009352,Wed 08:00 PM
369,335.702,0.009089,476.457,0.009145,61.815,0.008903,403.723,0.008903,Wed 08:15 PM
370,327.895,0.008878,454.319,0.008720,58.760,0.008463,383.773,0.008463,Wed 08:30 PM
371,319.487,0.008650,431.458,0.008282,55.601,0.008008,363.142,0.008008,Wed 08:45 PM
372,308.222,0.008345,406.437,0.007801,52.175,0.007515,340.764,0.007515,Wed 09:00 PM
373,294.784,0.007981,379.162,0.007278,48.445,0.006978,316.405,0.006978,Wed 09:15 PM
374,279.865,0.007577,350.651,0.006731,44.554,0.006417,290.989,0.006417,Wed 09:30 PM
375,263.387,0.007131,321.872,0.006178,40.670,0.005858,265.625,0.005858,Wed 09:45 PM
376,245.140,0.006637,293.590,0.005635,36.926,0.005318,241.171,0.005318,Wed 10:00 PM
377,224.427,0.006076,265.172,0.005090,33.233,0.004787,217.050,0.004787,Wed 10:15 PM
378,202.132,0.005473,236.809,0.004545,29.603,0.004264,193.343,0.004264,Wed 10:30 PM
379,179.766,0.004867,209.315,0.004018,26.136,0.003764,170.698,0.003764,Wed 10:45 PM
380,158.251,0.004285,182.998,0.003513,22.876,0.003295,149.411,0.003295,Wed 11:00 PM
381,135.602,0.003671,155.980,0.002994,19.624,0.002826,128.170,0.002826,Wed 11:15 PM
382,113.369,0.003069,130.083,0.002497,16.566,0.002386,108.196,0.002386,Wed 11:30 PM
383,94.964,0.002571,108.842,0.002089,14.077,0.002028,91.941,0.002028,Wed 11:45 PM
384,84.609,0.002291,96.693,0.001856,12.598,0.001815,82.281,0.001815,Thu 12:00 AM
385,78.330,0.002121,88.750,0.001704,11.456,0.001650,74.820,0.001650,Thu 12:15 AM
386,70.291,0.001903,78.646,0.001510,10.006,0.001441,65.349,0.001441,Thu 12:30 AM
387,62.364,0.001689,69.041,0.001325,8.647,0.001245,56.474,0.001245,Thu 12:45 AM
388,56.132,0.001520,62.197,0.001194,7.728,0.001113,50.475,0.001113,Thu 01:00 AM
389,50.951,0.001379,57.454,0.001103,7.177,0.001034,46.875,0.001034,Thu 01:15 AM
390,46.510,0.001259,54.090,0.001038,6.850,0.000987,44.737,0.000987,Thu 01:30 AM
391,43.160,0.001169,52.105,0.001000,6.684,0.000963,43.652,0.000963,Thu 01:45 AM
392,41.089,0.001112,51.322,0.000985,6.609,0.000952,43.166,0.000952,Thu 02:00 AM
393,39.665,0.001074,50.934,0.000978,6.575,0.000947,42.942,0.000947,Thu 02:15 AM
394,39.448,0.001068,51.935,0.000997,6.682,0.000962,43.642,0.000962,Thu 02:30 AM
395,41.558,0.001125,55.988,0.001075,7.071,0.001018,46.180,0.001018,Thu 02:45 AM
396,46.704,0.001265,64.024,0.001229,7.806,0.001124,50.980,0.001124,Thu 03:00 AM
397,53.549,0.001450,73.313,0.001407,8.601,0.001239,56.174,0.001239,Thu 03:15 AM
398,63.093,0.001708,86.223,0.001655,9.725,0.001401,63.516,0.001401,Thu 03:30 AM
399,77.551,0.002100,107.573,0.002065,11.709,0.001686,76.472,0.001686,Thu 03:45 AM
400,98.625,0.002670,141.713,0.002720,14.969,0.002156,97.764,0.002156,Thu 04:00 AM
401,124.751,0.003378,188.419,0.003617,19.195,0.002765,125.366,0.002765,Thu 04:15 AM
402,156.540,0.004238,245.173,0.004706,24.459,0.003523,159.747,0.003523,Thu 04:30 AM
403,196.078,0.005309,309.897,0.005948,31.126,0.004483,203.290,0.004483,Thu 04:45 AM
404,246.579,0.006676,382.297,0.007338,39.720,0.005721,259.421,0.005721,Thu 05:00 AM
405,313.926,0.008500,469.635,0.009014,51.089,0.007358,333.674,0.007358,Thu 05:15 AM
406,389.716,0.010552,564.255,0.010831,63.984,0.009216,417.892,0.009216,Thu 05:30 AM
407,460.453,0.012467,651.971,0.012514,76.425,0.011007,499.145,0.011007,Thu 05:45 AM
408,514.712,0.013936,720.897,0.013837,86.821,0.012505,567.046,0.012505,Thu 06:00 AM
409,556.673,0.015072,775.895,0.014893,96.164,0.013851,628.067,0.013851,Thu 06:15 AM
410,589.067,0.015949,819.258,0.015725,104.393,0.015036,681.813,0.015036,Thu 06:30 AM
411,610.308,0.016524,848.305,0.016283,110.473,0.015911,721.522,0.015911,Thu 06:45 AM
412,618.049,0.016734,859.443,0.016497,113.321,0.016322,740.120,0.016322,Thu 07:00 AM
413,608.373,0.016472,847.583,0.016269,112.297,0.016174,733.431,0.016174,Thu 07:15 AM
414,587.008,0.015893,820.494,0.015749,108.779,0.015667,710.457,0.015667,Thu 07:30 AM
415,563.057,0.015245,790.342,0.015170,104.665,0.015075,683.589,0.015075,Thu 07:45 AM
416,544.077,0.014731,767.115,0.014724,101.498,0.014619,662.901,0.014619,Thu 08:00 AM
417,526.463,0.014254,745.732,0.014314,98.426,0.014176,642.837,0.014176,Thu 08:15 AM
418,509.306,0.013789,725.328,0.013922,95.388,0.013739,622.996,0.013739,Thu 08:30 AM
419,495.333,0.013411,710.148,0.013631,93.168,0.013419,608.498,0.013419,Thu 08:45 AM
420,487.042,0.013187,704.218,0.013517,92.503,0.013323,604.156,0.013323,Thu 09:00 AM
421,484.544,0.013119,708.244,0.013594,93.497,0.013466,610.645,0.013466,Thu 09:15 AM
422,486.127,0.013162,718.916,0.013799,95.568,0.013765,624.172,0.013765,Thu 09:30 AM
423,490.125,0.013270,732.417,0.014058,98.088,0.014128,640.627,0.014128,Thu 09:45 AM
424,495.322,0.013411,745.743,0.014314,100.557,0.014483,656.759,0.014483,Thu 10:00 AM
425,503.132,0.013622,760.890,0.014605,103.331,0.014883,674.871,0.014883,Thu 10:15 AM
426,512.800,0.013884,777.607,0.014926,106.342,0.015316,694.540,0.015316,Thu 10:30 AM
427,522.236,0.014140,793.690,0.015235,109.182,0.015725,713.085,0.015725,Thu 10:45 AM
428,529.542,0.014337,807.207,0.015494,111.505,0.016060,728.260,0.016060,Thu 11:00 AM
429,534.789,0.014479,818.552,0.015712,113.433,0.016338,740.853,0.016338,Thu 11:15 AM
430,539.113,0.014596,828.519,0.015903,115.055,0.016571,751.447,0.016571,Thu 11:30 AM
431,543.476,0.014715,837.458,0.016075,116.327,0.016755,759.756,0.016755,Thu 11:45 AM
432,548.514,0.014851,845.422,0.016228,117.149,0.016873,765.122,0.016873,Thu 12:00 PM
433,553.016,0.014973,851.221,0.016339,117.239,0.016886,765.712,0.016886,Thu 12:15 PM
434,557.891,0.015105,856.106,0.016433,116.967,0.016847,763.932,0.016847,Thu 12:30 PM
435,565.155,0.015302,862.380,0.016553,116.943,0.016843,763.774,0.016843,Thu 12:45 PM
436,576.805,0.015617,872.178,0.016741,117.710,0.016954,768.783,0.016954,Thu 01:00 PM
437,593.516,0.016069,885.613,0.016999,119.176,0.017165,778.358,0.017165,Thu 01:15 PM
438,613.294,0.016605,901.208,0.017298,121.096,0.017441,790.900,0.017441,Thu 01:30 PM
439,633.623,0.017155,917.488,0.017611,123.334,0.017764,805.517,0.017764,Thu 01:45 PM
440,652.560,0.017668,933.478,0.017918,125.815,0.018121,821.720,0.018121,Thu 02:00 PM
441,671.629,0.018184,950.868,0.018252,128.759,0.018545,840.946,0.018545,Thu 02:15 PM
442,690.418,0.018693,968.444,0.018589,131.975,0.019008,861.953,0.019008,Thu 02:30 PM
443,707.055,0.019143,983.465,0.018877,135.071,0.019454,882.174,0.019454,Thu 02:45 PM
444,720.074,0.019496,993.716,0.019074,137.794,0.019846,899.958,0.019846,Thu 03:00 PM
445,730.696,0.019784,1000.549,0.019205,140.631,0.020255,918.489,0.020255,Thu 03:15 PM
446,738.523,0.019995,1003.908,0.019270,143.215,0.020627,935.363,0.020627,Thu 03:30 PM
447,742.036,0.020091,1002.414,0.019241,144.735,0.020846,945.291,0.020846,Thu 03:45 PM
448,739.938,0.020034,994.925,0.019097,144.470,0.020808,943.562,0.020808,Thu 04:00 PM
449,732.678,0.019837,981.961,0.018848,142.515,0.020526,930.792,0.020526,Thu 04:15 PM
450,720.590,0.019510,963.674,0.018497,139.226,0.020053,909.309,0.020053,Thu 04:30 PM
451,703.534,0.019048,939.741,0.018038,134.832,0.019420,880.613,0.019420,Thu 04:45 PM
452,681.033,0.018439,909.239,0.017452,129.412,0.018639,845.212,0.018639,Thu 05:00 PM
453,651.459,0.017638,869.492,0.016690,122.364,0.017624,799.180,0.017624,Thu 05:15 PM
454,616.877,0.016702,823.979,0.015816,114.288,0.016461,746.434,0.016461,Thu 05:30 PM
455,580.757,0.015724,778.537,0.014944,106.326,0.015314,694.435,0.015314,Thu 05:45 PM
456,545.729,0.014776,738.205,0.014170,99.459,0.014325,649.583,0.014325,Thu 06:00 PM
457,509.256,0.013788,701.515,0.013465,93.388,0.013451,609.936,0.013451,Thu 06:15 PM
458,472.410,0.012790,666.850,0.012800,87.813,0.012648,573.521,0.012648,Thu 06:30 PM
459,438.674,0.011877,634.176,0.012173,82.750,0.011918,540.454,0.011918,Thu 06:45 PM
460,411.213,0.011134,603.532,0.011585,78.249,0.011270,511.057,0.011270,Thu 07:00 PM
461,389.934,0.010557,575.321,0.011043,74.467,0.010725,486.356,0.010725,Thu 07:15 PM
462,372.920,0.010097,549.080,0.010539,71.204,0.010255,465.044,0.010255,Thu 07:30 PM
463,358.513,0.009707,523.977,0.010058,68.116,0.009811,444.880,0.009811,Thu 07:45 PM
464,345.545,0.009356,499.443,0.009587,64.931,0.009352,424.077,0.009352,Thu 08:00 PM
465,335.702,0.009089,476.457,0.009145,61.815,0.008903,403.723,0.008903,Thu 08:15 PM
466,327.895,0.008878,454.319,0.008720,58.760,0.008463,383.773,0.008463,Thu 08:30 PM
467,319.487,0.008650,431.458,0.008282,55.601,0.008008,363.142,0.008008,Thu 08:45 PM
468,308.222,0.008345,406.437,0.007801,52.175,0.007515,340.764,0.007515,Thu 09:00 PM
469,294.784,0.007981,379.162,0.007278,48.445,0.006978,316.405,0.006978,Thu 09:15 PM
470,279.865,0.007577,350.651,0.006731,44.554,0.006417,290.989,0.006417,Thu 09:30 PM
471,263.387,0.007131,321.872,0.006178,40.670,0.005858,265.625,0.005858,Thu 09:45 PM
472,245.140,0.006637,293.590,0.005635,36.926,0.005318,241.171,0.005318,Thu 10:00 PM
473,224.427,0.006076,265.172,0.005090,33.233,0.004787,217.050,0.004787,Thu 10:15 PM
474,202.132,0.005473,236.809,0.004545,29.603,0.004264,193.343,0.004264,Thu 10:30 PM
475,179.766,0.004867,209.315,0.004018,26.136,0.003764,170.698,0.003764,Thu 10:45 PM
476,158.251,0.004285,182.998,0.003513,22.876,0.003295,149.411,0.003295,Thu 11:00 PM
477,135.602,0.003671,155.980,0.002994,19.624,0.002826,128.170,0.002826,Thu 11:15 PM
478,113.369,0.003069,130.083,0.002497,16.566,0.002386,108.196,0.002386,Thu 11:30 PM
479,94.964,0.002571,108.842,0.002089,14.077,0.002028,91.941,0.002028,Thu 11:45 PM
480,88.638,0.002400,101.297,0.001944,13.198,0.001901,86.199,0.001901,Fri 12:00 AM
481,82.060,0.002222,92.976,0.001785,12.001,0.001729,78.382,0.001729,Fri 12:15 AM
482,73.638,0.001994,82.391,0.001581,10.482,0.001510,68.461,0.001510,Fri 12:30 AM
483,65.334,0.001769,72.328,0.001388,9.059,0.001305,59.163,0.001305,Fri 12:45 AM
484,58.805,0.001592,65.159,0.001251,8.096,0.001166,52.878,0.001166,Fri 01:00 AM
485,53.377,0.001445,60.190,0.001155,7.519,0.001083,49.107,0.001083,Fri 01:15 AM
486,48.725,0.001319,56.666,0.001088,7.176,0.001034,46.868,0.001034,Fri 01:30 AM
487,45.215,0.001224,54.586,0.001048,7.002,0.001008,45.731,0.001008,Fri 01:45 AM
488,43.045,0.001165,53.766,0.001032,6.924,0.000997,45.222,0.000997,Fri 02:00 AM
489,41.554,0.001125,53.359,0.001024,6.888,0.000992,44.987,0.000992,Fri 02:15 AM
490,41.327,0.001119,54.408,0.001044,7.000,0.001008,45.721,0.001008,Fri 02:30 AM
491,43.537,0.001179,58.655,0.001126,7.407,0.001067,48.379,0.001067,Fri 02:45 AM
492,48.928,0.001325,67.073,0.001287,8.177,0.001178,53.407,0.001178,Fri 03:00 AM
493,56.099,0.001519,76.804,0.001474,9.010,0.001298,58.849,0.001298,Fri 03:15 AM
494,66.098,0.001790,90.329,0.001734,10.188,0.001467,66.541,0.001467,Fri 03:30 AM
495,81.244,0.002200,112.696,0.002163,12.266,0.001767,80.113,0.001767,Fri 03:45 AM
496,103.321,0.002797,148.462,0.002850,15.682,0.002259,102.420,0.002259,Fri 04:00 AM
497,130.692,0.003538,197.391,0.003789,20.109,0.002896,131.336,0.002896,Fri 04:15 AM
498,163.995,0.004440,256.848,0.004930,25.624,0.003691,167.354,0.003691,Fri 04:30 AM
499,205.415,0.005562,324.654,0.006232,32.608,0.004697,212.970,0.004697,Fri 04:45 AM
500,258.321,0.006994,400.501,0.007687,41.612,0.005993,271.774,0.005993,Fri 05:00 AM
501,328.875,0.008904,491.999,0.009444,53.522,0.007709,349.563,0.007709,Fri 05:15 AM
502,408.274,0.011054,591.124,0.011346,67.031,0.009654,437.792,0.009654,Fri 05:30 AM
503,482.380,0.013060,683.017,0.013110,80.064,0.011532,522.913,0.011532,Fri 05:45 AM
504,539.222,0.014599,755.225,0.014496,90.956,0.013100,594.048,0.013100,Fri 06:00 AM
505,583.182,0.015790,812.842,0.015602,100.744,0.014510,657.975,0.014510,Fri 06:15 AM
506,617.118,0.016708,858.270,0.016474,109.365,0.015752,714.280,0.015752,Fri 06:30 AM
507,639.370,0.017311,888.701,0.017058,115.734,0.016669,755.881,0.016669,Fri 06:45 AM
508,647.480,0.017530,900.369,0.017282,118.717,0.017099,775.364,0.017099,Fri 07:00 AM
509,637.343,0.017256,887.944,0.017044,117.644,0.016944,768.356,0.016944,Fri 07:15 AM
510,614.961,0.016650,859.565,0.016499,113.959,0.016414,744.288,0.016414,Fri 07:30 AM
511,589.869,0.015971,827.977,0.015893,109.649,0.015793,716.141,0.015793,Fri 07:45 AM
512,569.986,0.015432,803.644,0.015426,106.331,0.015315,694.468,0.015315,Fri 08:00 AM
513,551.533,0.014933,781.243,0.014996,103.113,0.014851,673.448,0.014851,Fri 08:15 AM
514,533.559,0.014446,759.867,0.014585,99.930,0.014393,652.663,0.014393,Fri 08:30 AM
515,518.920,0.014050,743.964,0.014280,97.605,0.014058,637.474,0.014058,Fri 08:45 AM
516,510.234,0.013815,737.752,0.014161,96.908,0.013958,632.925,0.013958,Fri 09:00 AM
517,507.618,0.013744,741.970,0.014242,97.949,0.014108,639.724,0.014108,Fri 09:15 AM
518,509.275,0.013789,753.151,0.014456,100.119,0.014420,653.895,0.014420,Fri 09:30 AM
519,513.464,0.013902,767.294,0.014728,102.758,0.014800,671.133,0.014800,Fri 09:45 AM
520,518.908,0.014049,781.254,0.014996,105.346,0.015173,688.033,0.015173,Fri 10:00 AM
521,527.091,0.014271,797.123,0.015300,108.251,0.015591,707.008,0.015591,Fri 10:15 AM
522,537.219,0.014545,814.636,0.015637,111.406,0.016046,727.613,0.016046,Fri 10:30 AM
523,547.104,0.014813,831.485,0.015960,114.381,0.016474,747.042,0.016474,Fri 10:45 AM
524,554.758,0.015020,845.645,0.016232,116.815,0.016825,762.939,0.016825,Fri 11:00 AM
525,560.255,0.015169,857.531,0.016460,118.835,0.017116,776.132,0.017116,Fri 11:15 AM
526,564.785,0.015292,867.972,0.016660,120.534,0.017361,787.231,0.017361,Fri 11:30 AM
527,569.356,0.015415,877.337,0.016840,121.867,0.017552,795.935,0.017552,Fri 11:45 AM
528,574.634,0.015558,885.681,0.017000,122.728,0.017676,801.556,0.017676,Fri 12:00 PM
529,579.351,0.015686,891.755,0.017117,122.822,0.017690,802.175,0.017690,Fri 12:15 PM
530,584.457,0.015824,896.873,0.017215,122.537,0.017649,800.309,0.017649,Fri 12:30 PM
531,592.067,0.016030,903.446,0.017341,122.511,0.017645,800.145,0.017645,Fri 12:45 PM
532,604.272,0.016361,913.710,0.017538,123.315,0.017761,805.392,0.017761,Fri 01:00 PM
533,621.778,0.016835,927.785,0.017808,124.851,0.017982,815.423,0.017982,Fri 01:15 PM
534,642.499,0.017396,944.123,0.018122,126.862,0.018272,828.562,0.018272,Fri 01:30 PM
535,663.796,0.017972,961.178,0.018449,129.207,0.018610,843.875,0.018610,Fri 01:45 PM
536,683.634,0.018509,977.929,0.018771,131.806,0.018984,860.849,0.018984,Fri 02:00 PM
537,703.611,0.019050,996.147,0.019121,134.890,0.019428,880.991,0.019428,Fri 02:15 PM
538,723.295,0.019583,1014.560,0.019474,138.260,0.019914,902.998,0.019914,Fri 02:30 PM
539,740.725,0.020055,1030.297,0.019776,141.503,0.020381,924.183,0.020381,Fri 02:45 PM
540,754.364,0.020424,1041.036,0.019982,144.356,0.020792,942.813,0.020792,Fri 03:00 PM
541,765.492,0.020726,1048.194,0.020120,147.328,0.021220,962.227,0.021220,Fri 03:15 PM
542,773.690,0.020948,1051.713,0.020187,150.035,0.021610,979.904,0.021610,Fri 03:30 PM
543,777.371,0.021047,1050.148,0.020157,151.627,0.021839,990.304,0.021839,Fri 03:45 PM
544,775.173,0.020988,1042.303,0.020007,151.350,0.021799,988.494,0.021799,Fri 04:00 PM
545,767.568,0.020782,1028.721,0.019746,149.302,0.021504,975.116,0.021504,Fri 04:15 PM
546,754.904,0.020439,1009.563,0.019378,145.856,0.021008,952.610,0.021008,Fri 04:30 PM
547,737.036,0.019955,984.491,0.018897,141.253,0.020345,922.547,0.020345,Fri 04:45 PM
548,713.463,0.019317,952.536,0.018284,135.574,0.019527,885.460,0.019527,Fri 05:00 PM
549,682.480,0.018478,910.896,0.017484,128.191,0.018463,837.236,0.018463,Fri 05:15 PM
550,646.253,0.017497,863.216,0.016569,119.730,0.017245,781.978,0.017245,Fri 05:30 PM
551,608.412,0.016473,815.610,0.015655,111.389,0.016043,727.504,0.016043,Fri 05:45 PM
552,571.717,0.015479,773.357,0.014844,104.195,0.015007,680.516,0.015007,Fri 06:00 PM
553,533.506,0.014445,734.921,0.014107,97.835,0.014091,638.980,0.014091,Fri 06:15 PM
554,494.905,0.013400,698.605,0.013409,91.994,0.013250,600.832,0.013250,Fri 06:30 PM
555,459.563,0.012443,664.375,0.012752,86.690,0.012486,566.190,0.012486,Fri 06:45 PM
556,430.794,0.011664,632.271,0.012136,81.975,0.011807,535.393,0.011807,Fri 07:00 PM
557,408.502,0.011060,602.718,0.011569,78.013,0.011236,509.515,0.011236,Fri 07:15 PM
558,390.678,0.010578,575.227,0.011041,74.594,0.010744,487.189,0.010744,Fri 07:30 PM
559,375.585,0.010169,548.928,0.010536,71.360,0.010278,466.064,0.010278,Fri 07:45 PM
560,361.999,0.009801,523.226,0.010043,68.023,0.009797,444.272,0.009797,Fri 08:00 PM
561,351.688,0.009522,499.145,0.009581,64.758,0.009327,422.948,0.009327,Fri 08:15 PM
562,343.509,0.009301,475.953,0.009136,61.558,0.008866,402.048,0.008866,Fri 08:30 PM
563,334.701,0.009062,452.004,0.008676,58.249,0.008390,380.434,0.008390,Fri 08:45 PM
564,322.899,0.008742,425.791,0.008173,54.659,0.007873,356.990,0.007873,Fri 09:00 PM
565,308.821,0.008361,397.218,0.007624,50.752,0.007310,331.472,0.007310,Fri 09:15 PM
566,293.192,0.007938,367.349,0.007051,46.675,0.006723,304.845,0.006723,Fri 09:30 PM
567,275.929,0.007471,337.199,0.006472,42.607,0.006137,278.274,0.006137,Fri 09:45 PM
568,256.813,0.006953,307.571,0.005904,38.684,0.005572,252.655,0.005572,Fri 10:00 PM
569,235.114,0.006366,277.800,0.005332,34.815,0.005014,227.386,0.005014,Fri 10:15 PM
570,211.757,0.005733,248.085,0.004762,31.013,0.004467,202.550,0.004467,Fri 10:30 PM
571,188.327,0.005099,219.283,0.004209,27.380,0.003944,178.827,0.003944,Fri 10:45 PM
572,165.786,0.004489,191.712,0.003680,23.966,0.003452,156.525,0.003452,Fri 11:00 PM
573,142.060,0.003846,163.407,0.003137,20.559,0.002961,134.274,0.002961,Fri 11:15 PM
574,118.768,0.003216,136.278,0.002616,17.355,0.002500,113.349,0.002500,Fri 11:30 PM
575,99.486,0.002694,114.025,0.002189,14.748,0.002124,96.319,0.002124,Fri 11:45 PM
576,154.328,0.004178,198.820,0.003816,26.496,0.003816,173.053,0.003816,Sat 12:00 AM
577,143.751,0.003892,184.824,0.003548,24.631,0.003548,160.870,0.003548,Sat 12:15 AM
578,130.169,0.003524,166.809,0.003202,22.230,0.003202,145.191,0.003202,Sat 12:30 AM
579,116.630,0.003158,148.561,0.002852,19.798,0.002852,129.307,0.002852,Sat 12:45 AM
580,105.753,0.002863,133.298,0.002559,17.764,0.002559,116.023,0.002559,Sat 01:00 AM
581,96.825,0.002622,119.903,0.002301,15.979,0.002301,104.363,0.002301,Sat 01:15 AM
582,88.953,0.002408,107.543,0.002064,14.332,0.002064,93.605,0.002064,Sat 01:30 AM
583,82.012,0.002220,96.562,0.001853,12.869,0.001853,84.047,0.001853,Sat 01:45 AM
584,75.839,0.002053,87.217,0.001674,11.623,0.001674,75.913,0.001674,Sat 02:00 AM
585,70.208,0.001901,79.260,0.001521,10.563,0.001521,68.988,0.001521,Sat 02:15 AM
586,65.472,0.001773,72.803,0.001397,9.702,0.001397,63.368,0.001397,Sat 02:30 AM
587,62.174,0.001683,68.180,0.001309,9.086,0.001309,59.344,0.001309,Sat 02:45 AM
588,60.748,0.001645,65.634,0.001260,8.747,0.001260,57.128,0.001260,Sat 03:00 AM
589,60.921,0.001649,64.837,0.001245,8.641,0.001245,56.434,0.001245,Sat 03:15 AM
590,62.709,0.001698,66.000,0.001267,8.796,0.001267,57.446,0.001267,Sat 03:30 AM
591,66.429,0.001799,69.629,0.001337,9.279,0.001337,60.605,0.001337,Sat 03:45 AM
592,72.296,0.001957,76.151,0.001462,10.149,0.001462,66.282,0.001462,Sat 04:00 AM
593,80.101,0.002169,85.365,0.001639,11.376,0.001639,74.301,0.001639,Sat 04:15 AM
594,89.927,0.002435,97.223,0.001866,12.957,0.001866,84.622,0.001866,Sat 04:30 AM
595,102.087,0.002764,111.885,0.002148,14.911,0.002148,97.384,0.002148,Sat 04:45 AM
596,117.078,0.003170,129.688,0.002489,17.283,0.002489,112.880,0.002489,Sat 05:00 AM
597,135.929,0.003680,151.304,0.002904,20.164,0.002904,131.694,0.002904,Sat 05:15 AM
598,157.207,0.004256,175.793,0.003374,23.428,0.003374,153.010,0.003374,Sat 05:30 AM
599,178.607,0.004836,201.601,0.003870,26.867,0.003870,175.473,0.003870,Sat 05:45 AM
600,198.060,0.005362,227.356,0.004364,30.299,0.004364,197.890,0.004364,Sat 06:00 AM
601,215.741,0.005841,253.243,0.004861,33.749,0.004861,220.422,0.004861,Sat 06:15 AM
602,232.774,0.006302,279.941,0.005373,37.307,0.005373,243.660,0.005373,Sat 06:30 AM
603,250.013,0.006769,307.868,0.005909,41.029,0.005909,267.968,0.005909,Sat 06:45 AM
604,268.222,0.007262,337.436,0.006477,44.969,0.006477,293.703,0.006477,Sat 07:00 AM
605,287.402,0.007781,368.705,0.007077,49.137,0.007077,320.920,0.007077,Sat 07:15 AM
606,307.068,0.008314,401.354,0.007704,53.488,0.007704,349.337,0.007704,Sat 07:30 AM
607,326.789,0.008848,435.033,0.008350,57.976,0.008350,378.652,0.008350,Sat 07:45 AM
608,346.202,0.009373,469.576,0.009013,62.579,0.009013,408.718,0.009013,Sat 08:00 AM
609,365.382,0.009893,505.647,0.009706,67.387,0.009706,440.114,0.009706,Sat 08:15 AM
610,384.489,0.010410,542.642,0.010416,72.317,0.010416,472.314,0.010416,Sat 08:30 AM
611,403.570,0.010927,579.346,0.011120,77.208,0.011120,504.262,0.011120,Sat 08:45 AM
612,422.763,0.011446,614.831,0.011801,81.937,0.011801,535.148,0.011801,Sat 09:00 AM
613,442.435,0.011979,649.903,0.012475,86.611,0.012475,565.675,0.012475,Sat 09:15 AM
614,462.107,0.012512,684.286,0.013135,91.194,0.013135,595.602,0.013135,Sat 09:30 AM
615,480.988,0.013023,716.949,0.013762,95.546,0.013762,624.031,0.013762,Sat 09:45 AM
616,498.456,0.013496,747.037,0.014339,99.556,0.014339,650.219,0.014339,Sat 10:00 AM
617,514.974,0.013943,775.029,0.014876,103.287,0.014876,674.584,0.014876,Sat 10:15 AM
618,530.441,0.014362,800.954,0.015374,106.742,0.015374,697.148,0.015374,Sat 10:30 AM
619,544.302,0.014737,824.384,0.015824,109.864,0.015824,717.542,0.015824,Sat 10:45 AM
620,556.103,0.015056,845.019,0.016220,112.614,0.016220,735.503,0.016220,Sat 11:00 AM
621,566.005,0.015325,863.343,0.016572,115.056,0.016572,751.452,0.016572,Sat 11:15 AM
622,574.129,0.015545,879.027,0.016873,117.146,0.016873,765.104,0.016873,Sat 11:30 AM
623,580.402,0.015714,891.293,0.017108,118.781,0.017108,775.780,0.017108,Sat 11:45 AM
624,584.604,0.015828,899.194,0.017260,119.834,0.017260,782.657,0.017260,Sat 12:00 PM
625,585.937,0.015864,901.716,0.017308,120.170,0.017308,784.852,0.017308,Sat 12:15 PM
626,585.408,0.015850,900.554,0.017286,120.015,0.017286,783.840,0.017286,Sat 12:30 PM
627,584.710,0.015831,898.312,0.017243,119.716,0.017243,781.889,0.017243,Sat 12:45 PM
628,585.365,0.015849,897.192,0.017221,119.567,0.017221,780.914,0.017221,Sat 01:00 PM
629,587.127,0.015896,896.601,0.017210,119.488,0.017210,780.400,0.017210,Sat 01:15 PM
630,589.294,0.015955,895.780,0.017194,119.379,0.017194,779.685,0.017194,Sat 01:30 PM
631,591.445,0.016013,894.641,0.017172,119.227,0.017172,778.694,0.017172,Sat 01:45 PM
632,593.260,0.016062,893.234,0.017145,119.040,0.017145,777.469,0.017145,Sat 02:00 PM
633,595.081,0.016112,892.100,0.017123,118.888,0.017123,776.482,0.017123,Sat 02:15 PM
634,596.737,0.016157,890.627,0.017095,118.692,0.017095,775.200,0.017095,Sat 02:30 PM
635,597.747,0.016184,887.692,0.017039,118.301,0.017039,772.646,0.017039,Sat 02:45 PM
636,597.751,0.016184,882.361,0.016937,117.591,0.016937,768.005,0.016937,Sat 03:00 PM
637,597.169,0.016168,875.089,0.016797,116.621,0.016797,761.675,0.016797,Sat 03:15 PM
638,595.776,0.016131,865.978,0.016622,115.407,0.016622,753.746,0.016622,Sat 03:30 PM
639,592.960,0.016054,854.683,0.016405,113.902,0.016405,743.914,0.016405,Sat 03:45 PM
640,588.280,0.015928,840.884,0.016140,112.063,0.016140,731.903,0.016140,Sat 04:00 PM
641,582.200,0.015763,824.534,0.015827,109.884,0.015827,717.673,0.015827,Sat 04:15 PM
642,574.502,0.015555,805.891,0.015469,107.400,0.015469,701.446,0.015469,Sat 04:30 PM
643,564.506,0.015284,785.213,0.015072,104.644,0.015072,683.448,0.015072,Sat 04:45 PM
644,551.512,0.014932,762.557,0.014637,101.624,0.014637,663.728,0.014637,Sat 05:00 PM
645,535.045,0.014486,737.167,0.014150,98.241,0.014150,641.629,0.014150,Sat 05:15 PM
646,516.067,0.013973,709.831,0.013625,94.598,0.013625,617.836,0.013625,Sat 05:30 PM
647,495.913,0.013427,681.998,0.013091,90.889,0.013091,593.610,0.013091,Sat 05:45 PM
648,475.536,0.012875,654.827,0.012569,87.267,0.012569,569.960,0.012569,Sat 06:00 PM
649,453.694,0.012284,627.458,0.012044,83.620,0.012044,546.138,0.012044,Sat 06:15 PM
650,431.126,0.011673,600.085,0.011518,79.972,0.011518,522.312,0.011518,Sat 06:30 PM
651,409.713,0.011093,573.747,0.011013,76.462,0.011013,499.389,0.011013,Sat 06:45 PM
652,391.134,0.010590,549.394,0.010545,73.217,0.010545,478.191,0.010545,Sat 07:00 PM
653,375.205,0.010159,527.052,0.010117,70.239,0.010117,458.745,0.010117,Sat 07:15 PM
654,361.061,0.009776,506.083,0.009714,67.445,0.009714,440.494,0.009714,Sat 07:30 PM
655,348.087,0.009424,485.902,0.009327,64.755,0.009327,422.929,0.009327,Sat 07:45 PM
656,335.894,0.009094,466.050,0.008946,62.110,0.008946,405.649,0.008946,Sat 08:00 PM
657,325.174,0.008804,447.065,0.008581,59.579,0.008581,389.124,0.008581,Sat 08:15 PM
658,315.428,0.008540,428.652,0.008228,57.126,0.008228,373.098,0.008228,Sat 08:30 PM
659,305.499,0.008271,410.042,0.007871,54.646,0.007871,356.900,0.007871,Sat 08:45 PM
660,294.343,0.007969,390.424,0.007494,52.031,0.007494,339.824,0.007494,Sat 09:00 PM
661,282.027,0.007636,369.385,0.007090,49.227,0.007090,321.512,0.007090,Sat 09:15 PM
662,269.146,0.007287,347.892,0.006678,46.363,0.006678,302.804,0.006678,Sat 09:30 PM
663,256.185,0.006936,327.228,0.006281,43.609,0.006281,284.819,0.006281,Sat 09:45 PM
664,243.524,0.006593,308.538,0.005922,41.118,0.005922,268.551,0.005922,Sat 10:00 PM
665,230.902,0.006252,291.673,0.005599,38.871,0.005599,253.871,0.005599,Sat 10:15 PM
666,218.357,0.005912,276.073,0.005299,36.792,0.005299,240.293,0.005299,Sat 10:30 PM
667,206.201,0.005583,261.388,0.005017,34.835,0.005017,227.511,0.005017,Sat 10:45 PM
668,194.523,0.005267,247.138,0.004744,32.936,0.004744,215.109,0.004744,Sat 11:00 PM
669,182.497,0.004941,232.608,0.004465,30.999,0.004465,202.461,0.004465,Sat 11:15 PM
670,170.955,0.004629,218.883,0.004201,29.170,0.004201,190.516,0.004201,Sat 11:30 PM
671,161.488,0.004372,207.682,0.003986,27.677,0.003986,180.766,0.003986,Sat 11:45 PM
