Bin,120P04340,,120N05397,,120+14882,,120-07060,,
0,160,0.0043319931,208,0.0039924757,28,0.0040328388,196,0.0043223217,Sun 12:00 AM
1,145,0.0039258688,192,0.0036853622,26,0.0037447789,178,0.0039253738,Sun 12:15 AM
2,130,0.0035197444,171,0.0032822757,23,0.003312689,160,0.0035284259,Sun 12:30 AM
3,118,0.0031948449,154,0.0029559676,21,0.0030246291,145,0.003197636,Sun 12:45 AM
4,106,0.0028699454,142,0.0027256325,19,0.0027365692,131,0.0028888987,Sun 01:00 AM
5,100,0.0027074957,129,0.0024761027,17,0.0024485093,123,0.0027124774,Sun 01:15 AM
6,92,0.002490896,117,0.0022457676,16,0.0023044793,112,0.0024698981,Sun 01:30 AM
7,86,0.0023284463,104,0.0019962379,14,0.0020164194,105,0.0023155295,Sun 01:45 AM
8,80,0.0021659966,96,0.0018426811,13,0.0018723895,98,0.0021611609,Sun 02:00 AM
9,71,0.0019223219,83,0.0015931514,11,0.0015843295,87,0.0019185816,Sun 02:15 AM
10,62,0.0016786473,75,0.0014395946,10,0.0014402996,76,0.0016760023,Sun 02:30 AM
11,56,0.0015161976,67,0.0012860379,9,0.0012962696,69,0.0015216337,Sun 02:45 AM
12,50,0.0013537479,58,0.0011132865,8,0.0011522397,62,0.001367265,Sun 03:00 AM
13,50,0.0013537479,58,0.0011132865,8,0.0011522397,62,0.001367265,Sun 03:15 AM
14,47,0.001272523,54,0.0010365081,7,0.0010082097,58,0.0012790544,Sun 03:30 AM
15,47,0.001272523,54,0.0010365081,7,0.0010082097,58,0.0012790544,Sun 03:45 AM
16,47,0.001272523,54,0.0010365081,7,0.0010082097,58,0.0012790544,Sun 04:00 AM
17,53,0.0014349727,58,0.0011132865,8,0.0011522397,65,0.001433423,Sun 04:15 AM
18,59,0.0015974225,67,0.0012860379,9,0.0012962696,73,0.0016098443,Sun 04:30 AM
19,68,0.0018410971,75,0.0014395946,10,0.0014402996,83,0.0018303709,Sun 04:45 AM
20,77,0.0020847717,83,0.0015931514,11,0.0015843295,94,0.0020729502,Sun 05:00 AM
21,89,0.0024096712,96,0.0018426811,13,0.0018723895,109,0.0024037401,Sun 05:15 AM
22,106,0.0028699454,117,0.0022457676,16,0.0023044793,131,0.0028888987,Sun 05:30 AM
23,124,0.0033572947,138,0.0026488541,18,0.0025925392,152,0.0033520046,Sun 05:45 AM
24,148,0.0040070936,163,0.003128719,22,0.0031686591,181,0.0039915318,Sun 06:00 AM
25,160,0.0043319931,179,0.0034358325,24,0.003456719,196,0.0043223217,Sun 06:15 AM
26,177,0.0047922674,204,0.0039156973,27,0.0038888089,218,0.0048074803,Sun 06:30 AM
27,192,0.0051983917,225,0.0043187838,30,0.0043208987,236,0.0052044282,Sun 06:45 AM
28,213,0.0057669658,254,0.0048754271,34,0.0048970186,261,0.0057557447,Sun 07:00 AM
29,225,0.0060918653,275,0.0052785136,37,0.0053291085,276,0.0060865346,Sun 07:15 AM
30,239,0.0064709147,300,0.0057583784,40,0.0057611983,294,0.0064834826,Sun 07:30 AM
31,257,0.006958264,325,0.0062382433,43,0.0061932882,316,0.0069686411,Sun 07:45 AM
32,275,0.0074456132,358,0.0068716649,48,0.006913438,337,0.007431747,Sun 08:00 AM
33,290,0.0078517375,388,0.0074475028,52,0.0074895578,356,0.0078507476,Sun 08:15 AM
34,307,0.0083120118,417,0.008004146,56,0.0080656777,377,0.0083138535,Sun 08:30 AM
35,328,0.0088805859,454,0.008714346,61,0.0087858275,403,0.0088872227,Sun 08:45 AM
36,346,0.0093679351,492,0.0094437406,66,0.0095059772,424,0.0093503286,Sun 09:00 AM
37,363,0.0098282094,521,0.0100003839,69,0.0099380671,446,0.0098354871,Sun 09:15 AM
38,381,0.0103155586,550,0.0105570271,73,0.010514187,468,0.0103206457,Sun 09:30 AM
39,399,0.0108029079,583,0.0111904488,78,0.0112343367,490,0.0108058043,Sun 09:45 AM
40,420,0.0113714819,617,0.011843065,82,0.0118104566,515,0.0113571208,Sun 10:00 AM
41,431,0.0116693065,638,0.0122461515,85,0.0122425464,530,0.0116879107,Sun 10:15 AM
42,446,0.0120754308,663,0.0127260164,88,0.0126746363,548,0.0120848586,Sun 10:30 AM
43,461,0.0124815552,688,0.0132058812,92,0.0132507562,566,0.0124818066,Sun 10:45 AM
44,476,0.0128876795,713,0.0136857461,95,0.013682846,584,0.0128787545,Sun 11:00 AM
45,488,0.013212579,734,0.0140888326,98,0.0141149359,599,0.0132095444,Sun 11:15 AM
46,499,0.0135104036,759,0.0145686975,101,0.0145470258,613,0.0135182817,Sun 11:30 AM
47,511,0.013835303,779,0.0149525894,104,0.0149791157,628,0.0138490716,Sun 11:45 AM
48,523,0.0141602025,800,0.0153556758,107,0.0154112055,642,0.0141578088,Sun 12:00 PM
49,523,0.0141602025,800,0.0153556758,107,0.0154112055,642,0.0141578088,Sun 12:15 PM
50,523,0.0141602025,800,0.0153556758,107,0.0154112055,642,0.0141578088,Sun 12:30 PM
51,523,0.0141602025,800,0.0153556758,107,0.0154112055,642,0.0141578088,Sun 12:45 PM
52,523,0.0141602025,800,0.0153556758,107,0.0154112055,642,0.0141578088,Sun 01:00 PM
53,523,0.0141602025,800,0.0153556758,107,0.0154112055,642,0.0141578088,Sun 01:15 PM
54,523,0.0141602025,800,0.0153556758,107,0.0154112055,642,0.0141578088,Sun 01:30 PM
55,523,0.0141602025,800,0.0153556758,107,0.0154112055,642,0.0141578088,Sun 01:45 PM
56,523,0.0141602025,800,0.0153556758,107,0.0154112055,642,0.0141578088,Sun 02:00 PM
57,529,0.0143226523,796,0.0152788975,106,0.0152671756,649,0.0143121775,Sun 02:15 PM
58,529,0.0143226523,796,0.0152788975,106,0.0152671756,649,0.0143121775,Sun 02:30 PM
59,532,0.0144038771,796,0.0152788975,106,0.0152671756,653,0.0144003881,Sun 02:45 PM
60,535,0.014485102,796,0.0152788975,106,0.0152671756,657,0.0144885988,Sun 03:00 PM
61,535,0.014485102,792,0.0152021191,106,0.0152671756,657,0.0144885988,Sun 03:15 PM
62,535,0.014485102,784,0.0150485623,104,0.0149791157,657,0.0144885988,Sun 03:30 PM
63,535,0.014485102,779,0.0149525894,104,0.0149791157,657,0.0144885988,Sun 03:45 PM
64,535,0.014485102,775,0.014875811,103,0.0148350857,657,0.0144885988,Sun 04:00 PM
65,532,0.0144038771,763,0.0146454758,102,0.0146910557,653,0.0144003881,Sun 04:15 PM
66,526,0.0142414274,746,0.0143191677,99,0.0142589659,646,0.0142460195,Sun 04:30 PM
67,520,0.0140789776,734,0.0140888326,98,0.0141149359,638,0.0140695982,Sun 04:45 PM
68,514,0.0139165279,721,0.0138393029,96,0.013826876,631,0.0139152296,Sun 05:00 PM
69,502,0.0135916284,696,0.013359438,93,0.0133947861,617,0.0136064923,Sun 05:15 PM
70,488,0.013212579,671,0.0128795731,89,0.0128186663,599,0.0132095444,Sun 05:30 PM
71,476,0.0128876795,650,0.0124764866,87,0.0125306064,584,0.0128787545,Sun 05:45 PM
72,461,0.0124815552,629,0.0120734001,84,0.0120985165,566,0.0124818066,Sun 06:00 PM
73,437,0.0118317562,604,0.0115935353,81,0.0116664266,537,0.0118422794,Sun 06:15 PM
74,417,0.0112902571,579,0.0111136704,77,0.0110903068,512,0.0112909628,Sun 06:30 PM
75,399,0.0108029079,554,0.0106338055,74,0.0106582169,490,0.0108058043,Sun 06:45 PM
76,381,0.0103155586,529,0.0101539407,71,0.010226127,468,0.0103206457,Sun 07:00 PM
77,363,0.0098282094,504,0.0096740758,67,0.0096500072,446,0.0098354871,Sun 07:15 PM
78,346,0.0093679351,483,0.0092709893,64,0.0092179173,424,0.0093503286,Sun 07:30 PM
79,328,0.0088805859,463,0.0088870974,62,0.0089298574,403,0.0088872227,Sun 07:45 PM
80,313,0.0084744615,442,0.0084840109,59,0.0084977675,385,0.0084902748,Sun 08:00 PM
81,304,0.0082307869,425,0.0081577028,57,0.0082097076,374,0.0082476955,Sun 08:15 PM
82,295,0.0079871123,408,0.0078313947,54,0.0077776177,363,0.0080051162,Sun 08:30 PM
83,287,0.0077705127,396,0.0076010595,53,0.0076335878,352,0.0077625369,Sun 08:45 PM
84,278,0.0075268381,383,0.0073515298,51,0.0073455279,341,0.0075199577,Sun 09:00 PM
85,269,0.0072831634,363,0.0069676379,48,0.006913438,330,0.0072773784,Sun 09:15 PM
86,260,0.0070394888,342,0.0065645514,46,0.0066253781,319,0.0070347991,Sun 09:30 PM
87,251,0.0067958142,325,0.0062382433,43,0.0061932882,308,0.0067922198,Sun 09:45 PM
88,242,0.0065521396,308,0.0059119352,41,0.0059052283,297,0.0065496405,Sun 10:00 PM
89,225,0.0060918653,288,0.0055280433,38,0.0054731384,276,0.0060865346,Sun 10:15 PM
90,210,0.005685741,271,0.0052017352,36,0.0051850785,258,0.0056895867,Sun 10:30 PM
91,198,0.0053608415,250,0.0047986487,33,0.0047529886,243,0.0053587968,Sun 10:45 PM
92,186,0.005035942,238,0.0045683136,32,0.0046089587,229,0.0050500595,Sun 11:00 PM
93,177,0.0047922674,229,0.0043955622,31,0.0044649287,218,0.0048074803,Sun 11:15 PM
94,171,0.0046298177,221,0.0042420055,29,0.0041768688,210,0.004631059,Sun 11:30 PM
95,165,0.0044673679,217,0.0041652271,29,0.0041768688,203,0.0044766903,Sun 11:45 PM
96,112,0.0030323952,131,0.0025144919,17,0.0024485093,138,0.0030432673,Mon 12:00 AM
97,97,0.0026262708,115,0.0022073784,15,0.0021604494,124,0.0027345301,Mon 12:15 AM
98,85,0.0023013713,98,0.0018810703,13,0.0018723895,114,0.0025140034,Mon 12:30 AM
99,74,0.0020035468,88,0.0016891243,12,0.0017283595,100,0.0022052662,Mon 12:45 AM
100,66,0.0017869472,77,0.0014779838,10,0.0014402996,90,0.0019847396,Mon 01:00 AM
101,58,0.0015703475,71,0.0013628162,9,0.0012962696,86,0.0018965289,Mon 01:15 AM
102,54,0.0014620477,60,0.0011516757,8,0.0011522397,86,0.0018965289,Mon 01:30 AM
103,50,0.0013537479,55,0.0010557027,7,0.0010082097,81,0.0017862656,Mon 01:45 AM
104,50,0.0013537479,49,0.0009405351,7,0.0010082097,76,0.0016760023,Mon 02:00 AM
105,47,0.001272523,44,0.0008445622,6,0.0008641797,71,0.001565739,Mon 02:15 AM
106,47,0.001272523,44,0.0008445622,6,0.0008641797,67,0.0014775283,Mon 02:30 AM
107,43,0.0011642232,38,0.0007293946,5,0.0007201498,62,0.001367265,Mon 02:45 AM
108,43,0.0011642232,38,0.0007293946,5,0.0007201498,57,0.0012570017,Mon 03:00 AM
109,47,0.001272523,38,0.0007293946,5,0.0007201498,62,0.001367265,Mon 03:15 AM
110,50,0.0013537479,44,0.0008445622,6,0.0008641797,67,0.0014775283,Mon 03:30 AM
111,54,0.0014620477,44,0.0008445622,6,0.0008641797,71,0.001565739,Mon 03:45 AM
112,58,0.0015703475,49,0.0009405351,7,0.0010082097,76,0.0016760023,Mon 04:00 AM
113,70,0.001895247,60,0.0011516757,8,0.0011522397,95,0.0020950029,Mon 04:15 AM
114,85,0.0023013713,77,0.0014779838,10,0.0014402996,129,0.0028447934,Mon 04:30 AM
115,105,0.0028428705,93,0.0017850973,12,0.0017283595,167,0.0036827945,Mon 04:45 AM
116,132,0.0035738943,115,0.0022073784,15,0.0021604494,219,0.0048295329,Mon 05:00 AM
117,167,0.0045215178,148,0.0028408,20,0.0028805992,281,0.006196798,Mon 05:15 AM
118,213,0.0057669658,191,0.0036661676,26,0.0037447789,367,0.0080933269,Mon 05:30 AM
119,268,0.0072560885,252,0.0048370379,34,0.0048970186,500,0.0110263309,Mon 05:45 AM
120,341,0.0092325603,328,0.0062958271,44,0.0063373182,628,0.0138490716,Mon 06:00 AM
121,384,0.0103967835,383,0.0073515298,51,0.0073455279,671,0.014797336,Mon 06:15 AM
122,438,0.0118588312,449,0.0086183731,60,0.0086417975,714,0.0157456005,Mon 06:30 AM
123,496,0.0134291787,531,0.0101923298,71,0.010226127,762,0.0168041283,Mon 06:45 AM
124,562,0.0152161258,618,0.0118622596,82,0.0118104566,814,0.0179508667,Mon 07:00 AM
125,547,0.0148100015,624,0.0119774272,83,0.0119544865,800,0.0176421294,Mon 07:15 AM
126,531,0.0143768022,624,0.0119774272,83,0.0119544865,786,0.0173333921,Mon 07:30 AM
127,512,0.013862378,629,0.0120734001,84,0.0120985165,776,0.0171128655,Mon 07:45 AM
128,500,0.0135374785,635,0.0121885677,85,0.0122425464,762,0.0168041283,Mon 08:00 AM
129,481,0.0130230543,629,0.0120734001,84,0.0120985165,733,0.0161646011,Mon 08:15 AM
130,465,0.012589855,624,0.0119774272,83,0.0119544865,714,0.0157456005,Mon 08:30 AM
131,450,0.0121837307,624,0.0119774272,83,0.0119544865,695,0.0153265999,Mon 08:45 AM
132,434,0.0117505313,624,0.0119774272,83,0.0119544865,671,0.014797336,Mon 09:00 AM
133,438,0.0118588312,640,0.0122845407,85,0.0122425464,667,0.0147091254,Mon 09:15 AM
134,442,0.011967131,667,0.0128027947,89,0.0128186663,657,0.0144885988,Mon 09:30 AM
135,446,0.0120754308,673,0.0129179623,90,0.0129626962,657,0.0144885988,Mon 09:45 AM
136,454,0.0122920305,695,0.0133402434,93,0.0133947861,657,0.0144885988,Mon 10:00 AM
137,462,0.0125086301,722,0.0138584974,96,0.013826876,657,0.0144885988,Mon 10:15 AM
138,473,0.0128064547,755,0.0144919191,101,0.0145470258,657,0.0144885988,Mon 10:30 AM
139,485,0.0131313542,788,0.0151253407,105,0.0151231456,667,0.0147091254,Mon 10:45 AM
140,496,0.0134291787,821,0.0157587623,109,0.0156992654,671,0.014797336,Mon 11:00 AM
141,504,0.0136457783,842,0.0161618488,112,0.0161313553,671,0.014797336,Mon 11:15 AM
142,512,0.013862378,864,0.0165841299,115,0.0165634452,671,0.014797336,Mon 11:30 AM
143,520,0.0140789776,886,0.017006411,118,0.0169955351,676,0.0149075993,Mon 11:45 AM
144,527,0.0142685023,914,0.0175438596,122,0.0175716549,676,0.0149075993,Mon 12:00 PM
145,527,0.0142685023,903,0.0173327191,120,0.017283595,681,0.0150178627,Mon 12:15 PM
146,531,0.0143768022,892,0.0171215786,119,0.017139565,686,0.015128126,Mon 12:30 PM
147,535,0.014485102,881,0.016910438,117,0.0168515051,690,0.0152163366,Mon 12:45 PM
148,539,0.0145934018,875,0.0167952705,117,0.0168515051,695,0.0153265999,Mon 01:00 PM
149,558,0.015107826,897,0.0172175515,120,0.017283595,705,0.0155471265,Mon 01:15 PM
150,574,0.0155410253,908,0.0174286921,121,0.0174276249,709,0.0156353372,Mon 01:30 PM
151,589,0.0159471497,919,0.0176398326,122,0.0175716549,719,0.0158558638,Mon 01:45 PM
152,609,0.0164886488,935,0.0179469461,125,0.0180037448,724,0.0159661271,Mon 02:00 PM
153,648,0.0175445721,979,0.0187915083,130,0.0187238946,738,0.0162748644,Mon 02:15 PM
154,690,0.0186817203,1023,0.0196360705,136,0.0195880743,752,0.0165836016,Mon 02:30 PM
155,737,0.0199542433,1061,0.0203654651,141,0.0203082241,767,0.0169143916,Mon 02:45 PM
156,787,0.0213079912,1110,0.0213060002,148,0.0213164338,781,0.0172231288,Mon 03:00 PM
157,822,0.0222556147,1138,0.0218434489,152,0.0218925537,790,0.0174216028,Mon 03:15 PM
158,861,0.023311538,1203,0.0230910975,160,0.0230447933,795,0.0175318661,Mon 03:30 PM
159,900,0.0243674613,1242,0.0238396867,165,0.0237649431,805,0.0177523927,Mon 03:45 PM
160,942,0.0255046095,1291,0.0247802219,172,0.0247731528,814,0.0179508667,Mon 04:00 PM
161,942,0.0255046095,1302,0.0249913624,174,0.0250612127,805,0.0177523927,Mon 04:15 PM
162,942,0.0255046095,1302,0.0249913624,174,0.0250612127,795,0.0175318661,Mon 04:30 PM
163,946,0.0256129093,1302,0.0249913624,174,0.0250612127,790,0.0174216028,Mon 04:45 PM
164,950,0.0257212092,1307,0.0250873354,174,0.0250612127,781,0.0172231288,Mon 05:00 PM
165,857,0.0232032382,1176,0.0225728435,157,0.0226127034,752,0.0165836016,Mon 05:15 PM
166,772,0.0209018668,1078,0.0206917732,144,0.020740314,728,0.0160543378,Mon 05:30 PM
167,698,0.01889832,979,0.0187915083,130,0.0187238946,700,0.0154368632,Mon 05:45 PM
168,632,0.0171113728,881,0.016910438,117,0.0168515051,676,0.0149075993,Mon 06:00 PM
169,574,0.0155410253,815,0.0156435948,109,0.0156992654,643,0.0141798615,Mon 06:15 PM
170,524,0.0141872775,760,0.014587892,101,0.0145470258,609,0.013430071,Mon 06:30 PM
171,477,0.0129147545,706,0.0135513839,94,0.0135388161,581,0.0128125965,Mon 06:45 PM
172,434,0.0117505313,662,0.0127068218,88,0.0126746363,552,0.0121730693,Mon 07:00 PM
173,407,0.0110195075,629,0.0120734001,84,0.0120985165,519,0.0114453315,Mon 07:15 PM
174,388,0.0105050833,596,0.0114399785,79,0.0113783667,490,0.0108058043,Mon 07:30 PM
175,365,0.0098823593,569,0.0109217244,76,0.0109462768,462,0.0101883297,Mon 07:45 PM
176,345,0.0093408602,542,0.0104034704,72,0.010370157,433,0.0095488025,Mon 08:00 PM
177,337,0.0091242605,520,0.0099811893,69,0.0099380671,429,0.0094605919,Mon 08:15 PM
178,330,0.0089347358,503,0.0096548812,67,0.0096500072,419,0.0092400653,Mon 08:30 PM
179,322,0.0087181362,487,0.0093477677,65,0.0093619473,409,0.0090195387,Mon 08:45 PM
180,318,0.0086098363,470,0.0090214596,63,0.0090738874,400,0.0088210647,Mon 09:00 PM
181,299,0.0080954121,432,0.008292065,58,0.0083537376,381,0.0084020641,Mon 09:15 PM
182,283,0.0076622128,399,0.0076586433,53,0.0076335878,367,0.0080933269,Mon 09:30 PM
183,268,0.0072560885,372,0.0071403893,50,0.0072014979,352,0.0077625369,Mon 09:45 PM
184,252,0.0068228892,345,0.0066221352,46,0.0066253781,338,0.0074537997,Mon 10:00 PM
185,237,0.0064167648,323,0.0061998541,43,0.0061932882,309,0.0068142725,Mon 10:15 PM
186,217,0.0058752657,295,0.0056624055,39,0.0056171684,286,0.0063070613,Mon 10:30 PM
187,206,0.0055774411,279,0.0053552919,37,0.0053291085,262,0.0057777974,Mon 10:45 PM
188,190,0.0051442418,257,0.0049330109,34,0.0048970186,243,0.0053587968,Mon 11:00 PM
189,167,0.0045215178,219,0.0042036163,29,0.0041768688,209,0.0046090063,Mon 11:15 PM
190,147,0.0039800187,181,0.0034742217,24,0.003456719,181,0.0039915318,Mon 11:30 PM
191,128,0.0034655945,153,0.002936773,20,0.0028805992,162,0.0035725312,Mon 11:45 PM
192,112,0.0030323952,131,0.0025144919,17,0.0024485093,138,0.0030432673,Tue 12:00 AM
193,97,0.0026262708,115,0.0022073784,15,0.0021604494,124,0.0027345301,Tue 12:15 AM
194,85,0.0023013713,98,0.0018810703,13,0.0018723895,114,0.0025140034,Tue 12:30 AM
195,74,0.0020035468,88,0.0016891243,12,0.0017283595,100,0.0022052662,Tue 12:45 AM
196,66,0.0017869472,77,0.0014779838,10,0.0014402996,90,0.0019847396,Tue 01:00 AM
197,58,0.0015703475,71,0.0013628162,9,0.0012962696,86,0.0018965289,Tue 01:15 AM
198,54,0.0014620477,60,0.0011516757,8,0.0011522397,86,0.0018965289,Tue 01:30 AM
199,50,0.0013537479,55,0.0010557027,7,0.0010082097,81,0.0017862656,Tue 01:45 AM
200,50,0.0013537479,49,0.0009405351,7,0.0010082097,76,0.0016760023,Tue 02:00 AM
201,47,0.001272523,44,0.0008445622,6,0.0008641797,71,0.001565739,Tue 02:15 AM
202,47,0.001272523,44,0.0008445622,6,0.0008641797,67,0.0014775283,Tue 02:30 AM
203,43,0.0011642232,38,0.0007293946,5,0.0007201498,62,0.001367265,Tue 02:45 AM
204,43,0.0011642232,38,0.0007293946,5,0.0007201498,57,0.0012570017,Tue 03:00 AM
205,47,0.001272523,38,0.0007293946,5,0.0007201498,62,0.001367265,Tue 03:15 AM
206,50,0.0013537479,44,0.0008445622,6,0.0008641797,67,0.0014775283,Tue 03:30 AM
207,54,0.0014620477,44,0.0008445622,6,0.0008641797,71,0.001565739,Tue 03:45 AM
208,58,0.0015703475,49,0.0009405351,7,0.0010082097,76,0.0016760023,Tue 04:00 AM
209,70,0.001895247,60,0.0011516757,8,0.0011522397,95,0.0020950029,Tue 04:15 AM
210,85,0.0023013713,77,0.0014779838,10,0.0014402996,129,0.0028447934,Tue 04:30 AM
211,105,0.0028428705,93,0.0017850973,12,0.0017283595,167,0.0036827945,Tue 04:45 AM
212,132,0.0035738943,115,0.0022073784,15,0.0021604494,219,0.0048295329,Tue 05:00 AM
213,167,0.0045215178,148,0.0028408,20,0.0028805992,281,0.006196798,Tue 05:15 AM
214,213,0.0057669658,191,0.0036661676,26,0.0037447789,367,0.0080933269,Tue 05:30 AM
215,268,0.0072560885,252,0.0048370379,34,0.0048970186,500,0.0110263309,Tue 05:45 AM
216,341,0.0092325603,328,0.0062958271,44,0.0063373182,628,0.0138490716,Tue 06:00 AM
217,384,0.0103967835,383,0.0073515298,51,0.0073455279,671,0.014797336,Tue 06:15 AM
218,438,0.0118588312,449,0.0086183731,60,0.0086417975,714,0.0157456005,Tue 06:30 AM
219,496,0.0134291787,531,0.0101923298,71,0.010226127,762,0.0168041283,Tue 06:45 AM
220,562,0.0152161258,618,0.0118622596,82,0.0118104566,814,0.0179508667,Tue 07:00 AM
221,547,0.0148100015,624,0.0119774272,83,0.0119544865,800,0.0176421294,Tue 07:15 AM
222,531,0.0143768022,624,0.0119774272,83,0.0119544865,786,0.0173333921,Tue 07:30 AM
223,512,0.013862378,629,0.0120734001,84,0.0120985165,776,0.0171128655,Tue 07:45 AM
224,500,0.0135374785,635,0.0121885677,85,0.0122425464,762,0.0168041283,Tue 08:00 AM
225,481,0.0130230543,629,0.0120734001,84,0.0120985165,733,0.0161646011,Tue 08:15 AM
226,465,0.012589855,624,0.0119774272,83,0.0119544865,714,0.0157456005,Tue 08:30 AM
227,450,0.0121837307,624,0.0119774272,83,0.0119544865,695,0.0153265999,Tue 08:45 AM
228,434,0.0117505313,624,0.0119774272,83,0.0119544865,671,0.014797336,Tue 09:00 AM
229,438,0.0118588312,640,0.0122845407,85,0.0122425464,667,0.0147091254,Tue 09:15 AM
230,442,0.011967131,667,0.0128027947,89,0.0128186663,657,0.0144885988,Tue 09:30 AM
231,446,0.0120754308,673,0.0129179623,90,0.0129626962,657,0.0144885988,Tue 09:45 AM
232,454,0.0122920305,695,0.0133402434,93,0.0133947861,657,0.0144885988,Tue 10:00 AM
233,462,0.0125086301,722,0.0138584974,96,0.013826876,657,0.0144885988,Tue 10:15 AM
234,473,0.0128064547,755,0.0144919191,101,0.0145470258,657,0.0144885988,Tue 10:30 AM
235,485,0.0131313542,788,0.0151253407,105,0.0151231456,667,0.0147091254,Tue 10:45 AM
236,496,0.0134291787,821,0.0157587623,109,0.0156992654,671,0.014797336,Tue 11:00 AM
237,504,0.0136457783,842,0.0161618488,112,0.0161313553,671,0.014797336,Tue 11:15 AM
238,512,0.013862378,864,0.0165841299,115,0.0165634452,671,0.014797336,Tue 11:30 AM
239,520,0.0140789776,886,0.017006411,118,0.0169955351,676,0.0149075993,Tue 11:45 AM
240,527,0.0142685023,914,0.0175438596,122,0.0175716549,676,0.0149075993,Tue 12:00 PM
241,527,0.0142685023,903,0.0173327191,120,0.017283595,681,0.0150178627,Tue 12:15 PM
242,531,0.0143768022,892,0.0171215786,119,0.017139565,686,0.015128126,Tue 12:30 PM
243,535,0.014485102,881,0.016910438,117,0.0168515051,690,0.0152163366,Tue 12:45 PM
244,539,0.0145934018,875,0.0167952705,117,0.0168515051,695,0.0153265999,Tue 01:00 PM
245,558,0.015107826,897,0.0172175515,120,0.017283595,705,0.0155471265,Tue 01:15 PM
246,574,0.0155410253,908,0.0174286921,121,0.0174276249,709,0.0156353372,Tue 01:30 PM
247,589,0.0159471497,919,0.0176398326,122,0.0175716549,719,0.0158558638,Tue 01:45 PM
248,609,0.0164886488,935,0.0179469461,125,0.0180037448,724,0.0159661271,Tue 02:00 PM
249,648,0.0175445721,979,0.0187915083,130,0.0187238946,738,0.0162748644,Tue 02:15 PM
250,690,0.0186817203,1023,0.0196360705,136,0.0195880743,752,0.0165836016,Tue 02:30 PM
251,737,0.0199542433,1061,0.0203654651,141,0.0203082241,767,0.0169143916,Tue 02:45 PM
252,787,0.0213079912,1110,0.0213060002,148,0.0213164338,781,0.0172231288,Tue 03:00 PM
253,822,0.0222556147,1138,0.0218434489,152,0.0218925537,790,0.0174216028,Tue 03:15 PM
254,861,0.023311538,1203,0.0230910975,160,0.0230447933,795,0.0175318661,Tue 03:30 PM
255,900,0.0243674613,1242,0.0238396867,165,0.0237649431,805,0.0177523927,Tue 03:45 PM
256,942,0.0255046095,1291,0.0247802219,172,0.0247731528,814,0.0179508667,Tue 04:00 PM
257,942,0.0255046095,1302,0.0249913624,174,0.0250612127,805,0.0177523927,Tue 04:15 PM
258,942,0.0255046095,1302,0.0249913624,174,0.0250612127,795,0.0175318661,Tue 04:30 PM
259,946,0.0256129093,1302,0.0249913624,174,0.0250612127,790,0.0174216028,Tue 04:45 PM
260,950,0.0257212092,1307,0.0250873354,174,0.0250612127,781,0.0172231288,Tue 05:00 PM
261,857,0.0232032382,1176,0.0225728435,157,0.0226127034,752,0.0165836016,Tue 05:15 PM
262,772,0.0209018668,1078,0.0206917732,144,0.020740314,728,0.0160543378,Tue 05:30 PM
263,698,0.01889832,979,0.0187915083,130,0.0187238946,700,0.0154368632,Tue 05:45 PM
264,632,0.0171113728,881,0.016910438,117,0.0168515051,676,0.0149075993,Tue 06:00 PM
265,574,0.0155410253,815,0.0156435948,109,0.0156992654,643,0.0141798615,Tue 06:15 PM
266,524,0.0141872775,760,0.014587892,101,0.0145470258,609,0.013430071,Tue 06:30 PM
267,477,0.0129147545,706,0.0135513839,94,0.0135388161,581,0.0128125965,Tue 06:45 PM
268,434,0.0117505313,662,0.0127068218,88,0.0126746363,552,0.0121730693,Tue 07:00 PM
269,407,0.0110195075,629,0.0120734001,84,0.0120985165,519,0.0114453315,Tue 07:15 PM
270,388,0.0105050833,596,0.0114399785,79,0.0113783667,490,0.0108058043,Tue 07:30 PM
271,365,0.0098823593,569,0.0109217244,76,0.0109462768,462,0.0101883297,Tue 07:45 PM
272,345,0.0093408602,542,0.0104034704,72,0.010370157,433,0.0095488025,Tue 08:00 PM
273,337,0.0091242605,520,0.0099811893,69,0.0099380671,429,0.0094605919,Tue 08:15 PM
274,330,0.0089347358,503,0.0096548812,67,0.0096500072,419,0.0092400653,Tue 08:30 PM
275,322,0.0087181362,487,0.0093477677,65,0.0093619473,409,0.0090195387,Tue 08:45 PM
276,318,0.0086098363,470,0.0090214596,63,0.0090738874,400,0.0088210647,Tue 09:00 PM
277,299,0.0080954121,432,0.008292065,58,0.0083537376,381,0.0084020641,Tue 09:15 PM
278,283,0.0076622128,399,0.0076586433,53,0.0076335878,367,0.0080933269,Tue 09:30 PM
279,268,0.0072560885,372,0.0071403893,50,0.0072014979,352,0.0077625369,Tue 09:45 PM
280,252,0.0068228892,345,0.0066221352,46,0.0066253781,338,0.0074537997,Tue 10:00 PM
281,237,0.0064167648,323,0.0061998541,43,0.0061932882,309,0.0068142725,Tue 10:15 PM
282,217,0.0058752657,295,0.0056624055,39,0.0056171684,286,0.0063070613,Tue 10:30 PM
283,206,0.0055774411,279,0.0053552919,37,0.0053291085,262,0.0057777974,Tue 10:45 PM
284,190,0.0051442418,257,0.0049330109,34,0.0048970186,243,0.0053587968,Tue 11:00 PM
285,167,0.0045215178,219,0.0042036163,29,0.0041768688,209,0.0046090063,Tue 11:15 PM
286,147,0.0039800187,181,0.0034742217,24,0.003456719,181,0.0039915318,Tue 11:30 PM
287,128,0.0034655945,153,0.002936773,20,0.0028805992,162,0.0035725312,Tue 11:45 PM
288,112,0.0030323952,131,0.0025144919,17,0.0024485093,138,0.0030432673,Wed 12:00 AM
289,97,0.0026262708,115,0.0022073784,15,0.0021604494,124,0.0027345301,Wed 12:15 AM
290,85,0.0023013713,98,0.0018810703,13,0.0018723895,114,0.0025140034,Wed 12:30 AM
291,74,0.0020035468,88,0.0016891243,12,0.0017283595,100,0.0022052662,Wed 12:45 AM
292,66,0.0017869472,77,0.0014779838,10,0.0014402996,90,0.0019847396,Wed 01:00 AM
293,58,0.0015703475,71,0.0013628162,9,0.0012962696,86,0.0018965289,Wed 01:15 AM
294,54,0.0014620477,60,0.0011516757,8,0.0011522397,86,0.0018965289,Wed 01:30 AM
295,50,0.0013537479,55,0.0010557027,7,0.0010082097,81,0.0017862656,Wed 01:45 AM
296,50,0.0013537479,49,0.0009405351,7,0.0010082097,76,0.0016760023,Wed 02:00 AM
297,47,0.001272523,44,0.0008445622,6,0.0008641797,71,0.001565739,Wed 02:15 AM
298,47,0.001272523,44,0.0008445622,6,0.0008641797,67,0.0014775283,Wed 02:30 AM
299,43,0.0011642232,38,0.0007293946,5,0.0007201498,62,0.001367265,Wed 02:45 AM
300,43,0.0011642232,38,0.0007293946,5,0.0007201498,57,0.0012570017,Wed 03:00 AM
301,47,0.001272523,38,0.0007293946,5,0.0007201498,62,0.001367265,Wed 03:15 AM
302,50,0.0013537479,44,0.0008445622,6,0.0008641797,67,0.0014775283,Wed 03:30 AM
303,54,0.0014620477,44,0.0008445622,6,0.0008641797,71,0.001565739,Wed 03:45 AM
304,58,0.0015703475,49,0.0009405351,7,0.0010082097,76,0.0016760023,Wed 04:00 AM
305,70,0.001895247,60,0.0011516757,8,0.0011522397,95,0.0020950029,Wed 04:15 AM
306,85,0.0023013713,77,0.0014779838,10,0.0014402996,129,0.0028447934,Wed 04:30 AM
307,105,0.0028428705,93,0.0017850973,12,0.0017283595,167,0.0036827945,Wed 04:45 AM
308,132,0.0035738943,115,0.0022073784,15,0.0021604494,219,0.0048295329,Wed 05:00 AM
309,167,0.0045215178,148,0.0028408,20,0.0028805992,281,0.006196798,Wed 05:15 AM
310,213,0.0057669658,191,0.0036661676,26,0.0037447789,367,0.0080933269,Wed 05:30 AM
311,268,0.0072560885,252,0.0048370379,34,0.0048970186,500,0.0110263309,Wed 05:45 AM
312,341,0.0092325603,328,0.0062958271,44,0.0063373182,628,0.0138490716,Wed 06:00 AM
313,384,0.0103967835,383,0.0073515298,51,0.0073455279,671,0.014797336,Wed 06:15 AM
314,438,0.0118588312,449,0.0086183731,60,0.0086417975,714,0.0157456005,Wed 06:30 AM
315,496,0.0134291787,531,0.0101923298,71,0.010226127,762,0.0168041283,Wed 06:45 AM
316,562,0.0152161258,618,0.0118622596,82,0.0118104566,814,0.0179508667,Wed 07:00 AM
317,547,0.0148100015,624,0.0119774272,83,0.0119544865,800,0.0176421294,Wed 07:15 AM
318,531,0.0143768022,624,0.0119774272,83,0.0119544865,786,0.0173333921,Wed 07:30 AM
319,512,0.013862378,629,0.0120734001,84,0.0120985165,776,0.0171128655,Wed 07:45 AM
320,500,0.0135374785,635,0.0121885677,85,0.0122425464,762,0.0168041283,Wed 08:00 AM
321,481,0.0130230543,629,0.0120734001,84,0.0120985165,733,0.0161646011,Wed 08:15 AM
322,465,0.012589855,624,0.0119774272,83,0.0119544865,714,0.0157456005,Wed 08:30 AM
323,450,0.0121837307,624,0.0119774272,83,0.0119544865,695,0.0153265999,Wed 08:45 AM
324,434,0.0117505313,624,0.0119774272,83,0.0119544865,671,0.014797336,Wed 09:00 AM
325,438,0.0118588312,640,0.0122845407,85,0.0122425464,667,0.0147091254,Wed 09:15 AM
326,442,0.011967131,667,0.0128027947,89,0.0128186663,657,0.0144885988,Wed 09:30 AM
327,446,0.0120754308,673,0.0129179623,90,0.0129626962,657,0.0144885988,Wed 09:45 AM
328,454,0.0122920305,695,0.0133402434,93,0.0133947861,657,0.0144885988,Wed 10:00 AM
329,462,0.0125086301,722,0.0138584974,96,0.013826876,657,0.0144885988,Wed 10:15 AM
330,473,0.0128064547,755,0.0144919191,101,0.0145470258,657,0.0144885988,Wed 10:30 AM
331,485,0.0131313542,788,0.0151253407,105,0.0151231456,667,0.0147091254,Wed 10:45 AM
332,496,0.0134291787,821,0.0157587623,109,0.0156992654,671,0.014797336,Wed 11:00 AM
333,504,0.0136457783,842,0.0161618488,112,0.0161313553,671,0.014797336,Wed 11:15 AM
334,512,0.013862378,864,0.0165841299,115,0.0165634452,671,0.014797336,Wed 11:30 AM
335,520,0.0140789776,886,0.017006411,118,0.0169955351,676,0.0149075993,Wed 11:45 AM
336,527,0.0142685023,914,0.0175438596,122,0.0175716549,676,0.0149075993,Wed 12:00 PM
337,527,0.0142685023,903,0.0173327191,120,0.017283595,681,0.0150178627,Wed 12:15 PM
338,531,0.0143768022,892,0.0171215786,119,0.017139565,686,0.015128126,Wed 12:30 PM
339,535,0.014485102,881,0.016910438,117,0.0168515051,690,0.0152163366,Wed 12:45 PM
340,539,0.0145934018,875,0.0167952705,117,0.0168515051,695,0.0153265999,Wed 01:00 PM
341,558,0.015107826,897,0.0172175515,120,0.017283595,705,0.0155471265,Wed 01:15 PM
342,574,0.0155410253,908,0.0174286921,121,0.0174276249,709,0.0156353372,Wed 01:30 PM
343,589,0.0159471497,919,0.0176398326,122,0.0175716549,719,0.0158558638,Wed 01:45 PM
344,609,0.0164886488,935,0.0179469461,125,0.0180037448,724,0.0159661271,Wed 02:00 PM
345,648,0.0175445721,979,0.0187915083,130,0.0187238946,738,0.0162748644,Wed 02:15 PM
346,690,0.0186817203,1023,0.0196360705,136,0.0195880743,752,0.0165836016,Wed 02:30 PM
347,737,0.0199542433,1061,0.0203654651,141,0.0203082241,767,0.0169143916,Wed 02:45 PM
348,787,0.0213079912,1110,0.0213060002,148,0.0213164338,781,0.0172231288,Wed 03:00 PM
349,822,0.0222556147,1138,0.0218434489,152,0.0218925537,790,0.0174216028,Wed 03:15 PM
350,861,0.023311538,1203,0.0230910975,160,0.0230447933,795,0.0175318661,Wed 03:30 PM
351,900,0.0243674613,1242,0.0238396867,165,0.0237649431,805,0.0177523927,Wed 03:45 PM
352,942,0.0255046095,1291,0.0247802219,172,0.0247731528,814,0.0179508667,Wed 04:00 PM
353,942,0.0255046095,1302,0.0249913624,174,0.0250612127,805,0.0177523927,Wed 04:15 PM
354,942,0.0255046095,1302,0.0249913624,174,0.0250612127,795,0.0175318661,Wed 04:30 PM
355,946,0.0256129093,1302,0.0249913624,174,0.0250612127,790,0.0174216028,Wed 04:45 PM
356,950,0.0257212092,1307,0.0250873354,174,0.0250612127,781,0.0172231288,Wed 05:00 PM
357,857,0.0232032382,1176,0.0225728435,157,0.0226127034,752,0.0165836016,Wed 05:15 PM
358,772,0.0209018668,1078,0.0206917732,144,0.020740314,728,0.0160543378,Wed 05:30 PM
359,698,0.01889832,979,0.0187915083,130,0.0187238946,700,0.0154368632,Wed 05:45 PM
360,632,0.0171113728,881,0.016910438,117,0.0168515051,676,0.0149075993,Wed 06:00 PM
361,574,0.0155410253,815,0.0156435948,109,0.0156992654,643,0.0141798615,Wed 06:15 PM
362,524,0.0141872775,760,0.014587892,101,0.0145470258,609,0.013430071,Wed 06:30 PM
363,477,0.0129147545,706,0.0135513839,94,0.0135388161,581,0.0128125965,Wed 06:45 PM
364,434,0.0117505313,662,0.0127068218,88,0.0126746363,552,0.0121730693,Wed 07:00 PM
365,407,0.0110195075,629,0.0120734001,84,0.0120985165,519,0.0114453315,Wed 07:15 PM
366,388,0.0105050833,596,0.0114399785,79,0.0113783667,490,0.0108058043,Wed 07:30 PM
367,365,0.0098823593,569,0.0109217244,76,0.0109462768,462,0.0101883297,Wed 07:45 PM
368,345,0.0093408602,542,0.0104034704,72,0.010370157,433,0.0095488025,Wed 08:00 PM
369,337,0.0091242605,520,0.0099811893,69,0.0099380671,429,0.0094605919,Wed 08:15 PM
370,330,0.0089347358,503,0.0096548812,67,0.0096500072,419,0.0092400653,Wed 08:30 PM
371,322,0.0087181362,487,0.0093477677,65,0.0093619473,409,0.0090195387,Wed 08:45 PM
372,318,0.0086098363,470,0.0090214596,63,0.0090738874,400,0.0088210647,Wed 09:00 PM
373,299,0.0080954121,432,0.008292065,58,0.0083537376,381,0.0084020641,Wed 09:15 PM
374,283,0.0076622128,399,0.0076586433,53,0.0076335878,367,0.0080933269,Wed 09:30 PM
375,268,0.0072560885,372,0.0071403893,50,0.0072014979,352,0.0077625369,Wed 09:45 PM
376,252,0.0068228892,345,0.0066221352,46,0.0066253781,338,0.0074537997,Wed 10:00 PM
377,237,0.0064167648,323,0.0061998541,43,0.0061932882,309,0.0068142725,Wed 10:15 PM
378,217,0.0058752657,295,0.0056624055,39,0.0056171684,286,0.0063070613,Wed 10:30 PM
379,206,0.0055774411,279,0.0053552919,37,0.0053291085,262,0.0057777974,Wed 10:45 PM
380,190,0.0051442418,257,0.0049330109,34,0.0048970186,243,0.0053587968,Wed 11:00 PM
381,167,0.0045215178,219,0.0042036163,29,0.0041768688,209,0.0046090063,Wed 11:15 PM
382,147,0.0039800187,181,0.0034742217,24,0.003456719,181,0.0039915318,Wed 11:30 PM
383,128,0.0034655945,153,0.002936773,20,0.0028805992,162,0.0035725312,Wed 11:45 PM
384,112,0.0030323952,131,0.0025144919,17,0.0024485093,138,0.0030432673,Thu 12:00 AM
385,97,0.0026262708,115,0.0022073784,15,0.0021604494,124,0.0027345301,Thu 12:15 AM
386,85,0.0023013713,98,0.0018810703,13,0.0018723895,114,0.0025140034,Thu 12:30 AM
387,74,0.0020035468,88,0.0016891243,12,0.0017283595,100,0.0022052662,Thu 12:45 AM
388,66,0.0017869472,77,0.0014779838,10,0.0014402996,90,0.0019847396,Thu 01:00 AM
389,58,0.0015703475,71,0.0013628162,9,0.0012962696,86,0.0018965289,Thu 01:15 AM
390,54,0.0014620477,60,0.0011516757,8,0.0011522397,86,0.0018965289,Thu 01:30 AM
391,50,0.0013537479,55,0.0010557027,7,0.0010082097,81,0.0017862656,Thu 01:45 AM
392,50,0.0013537479,49,0.0009405351,7,0.0010082097,76,0.0016760023,Thu 02:00 AM
393,47,0.001272523,44,0.0008445622,6,0.0008641797,71,0.001565739,Thu 02:15 AM
394,47,0.001272523,44,0.0008445622,6,0.0008641797,67,0.0014775283,Thu 02:30 AM
395,43,0.0011642232,38,0.0007293946,5,0.0007201498,62,0.001367265,Thu 02:45 AM
396,43,0.0011642232,38,0.0007293946,5,0.0007201498,57,0.0012570017,Thu 03:00 AM
397,47,0.001272523,38,0.0007293946,5,0.0007201498,62,0.001367265,Thu 03:15 AM
398,50,0.0013537479,44,0.0008445622,6,0.0008641797,67,0.0014775283,Thu 03:30 AM
399,54,0.0014620477,44,0.0008445622,6,0.0008641797,71,0.001565739,Thu 03:45 AM
400,58,0.0015703475,49,0.0009405351,7,0.0010082097,76,0.0016760023,Thu 04:00 AM
401,70,0.001895247,60,0.0011516757,8,0.0011522397,95,0.0020950029,Thu 04:15 AM
402,85,0.0023013713,77,0.0014779838,10,0.0014402996,129,0.0028447934,Thu 04:30 AM
403,105,0.0028428705,93,0.0017850973,12,0.0017283595,167,0.0036827945,Thu 04:45 AM
404,132,0.0035738943,115,0.0022073784,15,0.0021604494,219,0.0048295329,Thu 05:00 AM
405,167,0.0045215178,148,0.0028408,20,0.0028805992,281,0.006196798,Thu 05:15 AM
406,213,0.0057669658,191,0.0036661676,26,0.0037447789,367,0.0080933269,Thu 05:30 AM
407,268,0.0072560885,252,0.0048370379,34,0.0048970186,500,0.0110263309,Thu 05:45 AM
408,341,0.0092325603,328,0.0062958271,44,0.0063373182,628,0.0138490716,Thu 06:00 AM
409,384,0.0103967835,383,0.0073515298,51,0.0073455279,671,0.014797336,Thu 06:15 AM
410,438,0.0118588312,449,0.0086183731,60,0.0086417975,714,0.0157456005,Thu 06:30 AM
411,496,0.0134291787,531,0.0101923298,71,0.010226127,762,0.0168041283,Thu 06:45 AM
412,562,0.0152161258,618,0.0118622596,82,0.0118104566,814,0.0179508667,Thu 07:00 AM
413,547,0.0148100015,624,0.0119774272,83,0.0119544865,800,0.0176421294,Thu 07:15 AM
414,531,0.0143768022,624,0.0119774272,83,0.0119544865,786,0.0173333921,Thu 07:30 AM
415,512,0.013862378,629,0.0120734001,84,0.0120985165,776,0.0171128655,Thu 07:45 AM
416,500,0.0135374785,635,0.0121885677,85,0.0122425464,762,0.0168041283,Thu 08:00 AM
417,481,0.0130230543,629,0.0120734001,84,0.0120985165,733,0.0161646011,Thu 08:15 AM
418,465,0.012589855,624,0.0119774272,83,0.0119544865,714,0.0157456005,Thu 08:30 AM
419,450,0.0121837307,624,0.0119774272,83,0.0119544865,695,0.0153265999,Thu 08:45 AM
420,434,0.0117505313,624,0.0119774272,83,0.0119544865,671,0.014797336,Thu 09:00 AM
421,438,0.0118588312,640,0.0122845407,85,0.0122425464,667,0.0147091254,Thu 09:15 AM
422,442,0.011967131,667,0.0128027947,89,0.0128186663,657,0.0144885988,Thu 09:30 AM
423,446,0.0120754308,673,0.0129179623,90,0.0129626962,657,0.0144885988,Thu 09:45 AM
424,454,0.0122920305,695,0.0133402434,93,0.0133947861,657,0.0144885988,Thu 10:00 AM
425,462,0.0125086301,722,0.0138584974,96,0.013826876,657,0.0144885988,Thu 10:15 AM
426,473,0.0128064547,755,0.0144919191,101,0.0145470258,657,0.0144885988,Thu 10:30 AM
427,485,0.0131313542,788,0.0151253407,105,0.0151231456,667,0.0147091254,Thu 10:45 AM
428,496,0.0134291787,821,0.0157587623,109,0.0156992654,671,0.014797336,Thu 11:00 AM
429,504,0.0136457783,842,0.0161618488,112,0.0161313553,671,0.014797336,Thu 11:15 AM
430,512,0.013862378,864,0.0165841299,115,0.0165634452,671,0.014797336,Thu 11:30 AM
431,520,0.0140789776,886,0.017006411,118,0.0169955351,676,0.0149075993,Thu 11:45 AM
432,527,0.0142685023,914,0.0175438596,122,0.0175716549,676,0.0149075993,Thu 12:00 PM
433,527,0.0142685023,903,0.0173327191,120,0.017283595,681,0.0150178627,Thu 12:15 PM
434,531,0.0143768022,892,0.0171215786,119,0.017139565,686,0.015128126,Thu 12:30 PM
435,535,0.014485102,881,0.016910438,117,0.0168515051,690,0.0152163366,Thu 12:45 PM
436,539,0.0145934018,875,0.0167952705,117,0.0168515051,695,0.0153265999,Thu 01:00 PM
437,558,0.015107826,897,0.0172175515,120,0.017283595,705,0.0155471265,Thu 01:15 PM
438,574,0.0155410253,908,0.0174286921,121,0.0174276249,709,0.0156353372,Thu 01:30 PM
439,589,0.0159471497,919,0.0176398326,122,0.0175716549,719,0.0158558638,Thu 01:45 PM
440,609,0.0164886488,935,0.0179469461,125,0.0180037448,724,0.0159661271,Thu 02:00 PM
441,648,0.0175445721,979,0.0187915083,130,0.0187238946,738,0.0162748644,Thu 02:15 PM
442,690,0.0186817203,1023,0.0196360705,136,0.0195880743,752,0.0165836016,Thu 02:30 PM
443,737,0.0199542433,1061,0.0203654651,141,0.0203082241,767,0.0169143916,Thu 02:45 PM
444,787,0.0213079912,1110,0.0213060002,148,0.0213164338,781,0.0172231288,Thu 03:00 PM
445,822,0.0222556147,1138,0.0218434489,152,0.0218925537,790,0.0174216028,Thu 03:15 PM
446,861,0.023311538,1203,0.0230910975,160,0.0230447933,795,0.0175318661,Thu 03:30 PM
447,900,0.0243674613,1242,0.0238396867,165,0.0237649431,805,0.0177523927,Thu 03:45 PM
448,942,0.0255046095,1291,0.0247802219,172,0.0247731528,814,0.0179508667,Thu 04:00 PM
449,942,0.0255046095,1302,0.0249913624,174,0.0250612127,805,0.0177523927,Thu 04:15 PM
450,942,0.0255046095,1302,0.0249913624,174,0.0250612127,795,0.0175318661,Thu 04:30 PM
451,946,0.0256129093,1302,0.0249913624,174,0.0250612127,790,0.0174216028,Thu 04:45 PM
452,950,0.0257212092,1307,0.0250873354,174,0.0250612127,781,0.0172231288,Thu 05:00 PM
453,857,0.0232032382,1176,0.0225728435,157,0.0226127034,752,0.0165836016,Thu 05:15 PM
454,772,0.0209018668,1078,0.0206917732,144,0.020740314,728,0.0160543378,Thu 05:30 PM
455,698,0.01889832,979,0.0187915083,130,0.0187238946,700,0.0154368632,Thu 05:45 PM
456,632,0.0171113728,881,0.016910438,117,0.0168515051,676,0.0149075993,Thu 06:00 PM
457,574,0.0155410253,815,0.0156435948,109,0.0156992654,643,0.0141798615,Thu 06:15 PM
458,524,0.0141872775,760,0.014587892,101,0.0145470258,609,0.013430071,Thu 06:30 PM
459,477,0.0129147545,706,0.0135513839,94,0.0135388161,581,0.0128125965,Thu 06:45 PM
460,434,0.0117505313,662,0.0127068218,88,0.0126746363,552,0.0121730693,Thu 07:00 PM
461,407,0.0110195075,629,0.0120734001,84,0.0120985165,519,0.0114453315,Thu 07:15 PM
462,388,0.0105050833,596,0.0114399785,79,0.0113783667,490,0.0108058043,Thu 07:30 PM
463,365,0.0098823593,569,0.0109217244,76,0.0109462768,462,0.0101883297,Thu 07:45 PM
464,345,0.0093408602,542,0.0104034704,72,0.010370157,433,0.0095488025,Thu 08:00 PM
465,337,0.0091242605,520,0.0099811893,69,0.0099380671,429,0.0094605919,Thu 08:15 PM
466,330,0.0089347358,503,0.0096548812,67,0.0096500072,419,0.0092400653,Thu 08:30 PM
467,322,0.0087181362,487,0.0093477677,65,0.0093619473,409,0.0090195387,Thu 08:45 PM
468,318,0.0086098363,470,0.0090214596,63,0.0090738874,400,0.0088210647,Thu 09:00 PM
469,299,0.0080954121,432,0.008292065,58,0.0083537376,381,0.0084020641,Thu 09:15 PM
470,283,0.0076622128,399,0.0076586433,53,0.0076335878,367,0.0080933269,Thu 09:30 PM
471,268,0.0072560885,372,0.0071403893,50,0.0072014979,352,0.0077625369,Thu 09:45 PM
472,252,0.0068228892,345,0.0066221352,46,0.0066253781,338,0.0074537997,Thu 10:00 PM
473,237,0.0064167648,323,0.0061998541,43,0.0061932882,309,0.0068142725,Thu 10:15 PM
474,217,0.0058752657,295,0.0056624055,39,0.0056171684,286,0.0063070613,Thu 10:30 PM
475,206,0.0055774411,279,0.0053552919,37,0.0053291085,262,0.0057777974,Thu 10:45 PM
476,190,0.0051442418,257,0.0049330109,34,0.0048970186,243,0.0053587968,Thu 11:00 PM
477,167,0.0045215178,219,0.0042036163,29,0.0041768688,209,0.0046090063,Thu 11:15 PM
478,147,0.0039800187,181,0.0034742217,24,0.003456719,181,0.0039915318,Thu 11:30 PM
479,128,0.0034655945,153,0.002936773,20,0.0028805992,162,0.0035725312,Thu 11:45 PM
480,118,0.0031948449,138,0.0026488541,18,0.0025925392,145,0.003197636,Fri 12:00 AM
481,102,0.0027616456,120,0.0023033514,16,0.0023044793,130,0.002866846,Fri 12:15 AM
482,89,0.0024096712,103,0.0019770433,14,0.0020164194,120,0.0026463194,Fri 12:30 AM
483,77,0.0020847717,92,0.0017659027,12,0.0017283595,105,0.0023155295,Fri 12:45 AM
484,69,0.001868172,80,0.0015355676,11,0.0015843295,95,0.0020950029,Fri 01:00 AM
485,61,0.0016515724,75,0.0014395946,10,0.0014402996,90,0.0019847396,Fri 01:15 AM
486,57,0.0015432726,63,0.0012092595,8,0.0011522397,90,0.0019847396,Fri 01:30 AM
487,53,0.0014349727,57,0.0010940919,8,0.0011522397,85,0.0018744762,Fri 01:45 AM
488,53,0.0014349727,52,0.0009981189,7,0.0010082097,80,0.0017642129,Fri 02:00 AM
489,49,0.0013266729,46,0.0008829514,6,0.0008641797,75,0.0016539496,Fri 02:15 AM
490,49,0.0013266729,46,0.0008829514,6,0.0008641797,70,0.0015436863,Fri 02:30 AM
491,45,0.0012183731,40,0.0007677838,5,0.0007201498,65,0.001433423,Fri 02:45 AM
492,45,0.0012183731,40,0.0007677838,5,0.0007201498,60,0.0013231597,Fri 03:00 AM
493,49,0.0013266729,40,0.0007677838,5,0.0007201498,65,0.001433423,Fri 03:15 AM
494,53,0.0014349727,46,0.0008829514,6,0.0008641797,70,0.0015436863,Fri 03:30 AM
495,57,0.0015432726,46,0.0008829514,6,0.0008641797,75,0.0016539496,Fri 03:45 AM
496,61,0.0016515724,52,0.0009981189,7,0.0010082097,80,0.0017642129,Fri 04:00 AM
497,73,0.0019764719,63,0.0012092595,8,0.0011522397,100,0.0022052662,Fri 04:15 AM
498,89,0.0024096712,80,0.0015355676,11,0.0015843295,135,0.0029771093,Fri 04:30 AM
499,110,0.0029782453,97,0.0018618757,13,0.0018723895,175,0.0038592158,Fri 04:45 AM
500,138,0.0037363441,120,0.0023033514,16,0.0023044793,229,0.0050500595,Fri 05:00 AM
501,175,0.0047381175,155,0.0029751622,21,0.0030246291,294,0.0064834826,Fri 05:15 AM
502,223,0.0060377154,201,0.0038581136,27,0.0038888089,384,0.0084682221,Fri 05:30 AM
503,280,0.007580988,264,0.005067373,35,0.0050410485,524,0.0115555948,Fri 05:45 AM
504,358,0.0096928346,344,0.0066029406,46,0.0066253781,658,0.0145106514,Fri 06:00 AM
505,402,0.0108841327,401,0.0076970325,53,0.0076335878,703,0.0155030212,Fri 06:15 AM
506,459,0.0124274053,470,0.0090214596,63,0.0090738874,748,0.016495391,Fri 06:30 AM
507,520,0.0140789776,556,0.0106721947,74,0.0106582169,798,0.0175980241,Fri 06:45 AM
508,589,0.0159471497,648,0.0124380974,86,0.0123865764,853,0.0188109205,Fri 07:00 AM
509,573,0.0155139504,653,0.0125340704,87,0.0125306064,838,0.0184801306,Fri 07:15 AM
510,557,0.0150807511,653,0.0125340704,87,0.0125306064,823,0.0181493406,Fri 07:30 AM
511,536,0.014512177,659,0.012649238,88,0.0126746363,813,0.017928814,Fri 07:45 AM
512,524,0.0141872775,665,0.0127644055,89,0.0128186663,798,0.0175980241,Fri 08:00 AM
513,504,0.0136457783,659,0.012649238,88,0.0126746363,768,0.0169364442,Fri 08:15 AM
514,488,0.013212579,653,0.0125340704,87,0.0125306064,748,0.016495391,Fri 08:30 AM
515,471,0.0127523048,653,0.0125340704,87,0.0125306064,728,0.0160543378,Fri 08:45 AM
516,455,0.0123191054,653,0.0125340704,87,0.0125306064,703,0.0155030212,Fri 09:00 AM
517,459,0.0124274053,671,0.0128795731,89,0.0128186663,698,0.0153927579,Fri 09:15 AM
518,463,0.0125357051,699,0.0134170218,93,0.0133947861,688,0.0151722313,Fri 09:30 AM
519,467,0.0126440049,705,0.0135321893,94,0.0135388161,688,0.0151722313,Fri 09:45 AM
520,475,0.0128606046,728,0.013973665,97,0.0139709059,688,0.0151722313,Fri 10:00 AM
521,483,0.0130772042,756,0.0145111137,101,0.0145470258,688,0.0151722313,Fri 10:15 AM
522,496,0.0134291787,791,0.0151829245,105,0.0151231456,688,0.0151722313,Fri 10:30 AM
523,508,0.0137540782,825,0.0158355407,110,0.0158432954,698,0.0153927579,Fri 10:45 AM
524,520,0.0140789776,860,0.0165073515,115,0.0165634452,703,0.0155030212,Fri 11:00 AM
525,528,0.0142955773,883,0.0169488272,118,0.0169955351,703,0.0155030212,Fri 11:15 AM
526,536,0.014512177,905,0.0173711083,121,0.0174276249,703,0.0155030212,Fri 11:30 AM
527,544,0.0147287766,928,0.017812584,124,0.0178597148,708,0.0156132845,Fri 11:45 AM
528,553,0.0149724512,957,0.0183692272,128,0.0184358347,708,0.0156132845,Fri 12:00 PM
529,553,0.0149724512,946,0.0181580867,126,0.0181477747,713,0.0157235478,Fri 12:15 PM
530,557,0.0150807511,934,0.0179277515,124,0.0178597148,718,0.0158338111,Fri 12:30 PM
531,561,0.0151890509,923,0.017716611,123,0.0177156849,723,0.0159440744,Fri 12:45 PM
532,565,0.0152973507,917,0.0176014434,122,0.0175716549,728,0.0160543378,Fri 01:00 PM
533,585,0.0158388499,940,0.0180429191,125,0.0180037448,738,0.0162748644,Fri 01:15 PM
534,601,0.0162720492,951,0.0182540597,127,0.0182918047,743,0.0163851277,Fri 01:30 PM
535,618,0.0167323234,963,0.0184843948,128,0.0184358347,753,0.0166056543,Fri 01:45 PM
536,638,0.0172738226,980,0.0188107029,131,0.0188679245,758,0.0167159176,Fri 02:00 PM
537,678,0.0183568209,1026,0.0196936543,137,0.0197321043,773,0.0170467075,Fri 02:15 PM
538,723,0.0195751939,1072,0.0205766056,143,0.020596284,788,0.0173774975,Fri 02:30 PM
539,772,0.0209018668,1112,0.0213443894,148,0.0213164338,803,0.0177082874,Fri 02:45 PM
540,825,0.0223368395,1163,0.0223233138,155,0.0223246435,818,0.0180390773,Fri 03:00 PM
541,861,0.023311538,1192,0.022879957,159,0.0229007634,828,0.0182596039,Fri 03:15 PM
542,902,0.0244216112,1261,0.024204384,168,0.024197033,833,0.0183698672,Fri 03:30 PM
543,943,0.0255316845,1301,0.0249721678,173,0.0249171828,843,0.0185903939,Fri 03:45 PM
544,987,0.0267229826,1352,0.0259510922,180,0.0259253925,853,0.0188109205,Fri 04:00 PM
545,987,0.0267229826,1364,0.0261814273,182,0.0262134524,843,0.0185903939,Fri 04:15 PM
546,987,0.0267229826,1364,0.0261814273,182,0.0262134524,833,0.0183698672,Fri 04:30 PM
547,991,0.0268312824,1364,0.0261814273,182,0.0262134524,828,0.0182596039,Fri 04:45 PM
548,995,0.0269395822,1370,0.0262965949,183,0.0263574824,818,0.0180390773,Fri 05:00 PM
549,898,0.0243133114,1232,0.0236477408,164,0.0236209131,788,0.0173774975,Fri 05:15 PM
550,809,0.0219036402,1129,0.0216706975,150,0.0216044937,763,0.0168261809,Fri 05:30 PM
551,731,0.0197917936,1026,0.0196936543,137,0.0197321043,733,0.0161646011,Fri 05:45 PM
552,662,0.0179236215,923,0.017716611,123,0.0177156849,708,0.0156132845,Fri 06:00 PM
553,601,0.0162720492,854,0.016392184,114,0.0164194152,673,0.0148414414,Fri 06:15 PM
554,548,0.0148370764,797,0.0152980921,106,0.0152671756,638,0.0140695982,Fri 06:30 PM
555,500,0.0135374785,739,0.0141848056,99,0.0142589659,609,0.013430071,Fri 06:45 PM
556,455,0.0123191054,693,0.0133018542,92,0.0132507562,579,0.0127684912,Fri 07:00 PM
557,427,0.0115610066,659,0.012649238,88,0.0126746363,544,0.011996648,Fri 07:15 PM
558,406,0.0109924325,625,0.0119966218,83,0.0119544865,514,0.0113350681,Fri 07:30 PM
559,382,0.0103426336,596,0.0114399785,79,0.0113783667,484,0.0106734883,Fri 07:45 PM
560,362,0.0098011344,567,0.0108833353,76,0.0109462768,454,0.0100119084,Fri 08:00 PM
561,353,0.0095574598,544,0.0104418596,73,0.010514187,449,0.0099016451,Fri 08:15 PM
562,345,0.0093408602,527,0.0101155515,70,0.0100820971,439,0.0096811185,Fri 08:30 PM
563,337,0.0091242605,510,0.0097892433,68,0.0097940372,429,0.0094605919,Fri 08:45 PM
564,333,0.0090159607,493,0.0094629352,66,0.0095059772,419,0.0092400653,Fri 09:00 PM
565,313,0.0084744615,453,0.0086951514,60,0.0086417975,399,0.008799012,Fri 09:15 PM
566,297,0.0080412622,418,0.0080233406,56,0.0080656777,384,0.0084682221,Fri 09:30 PM
567,280,0.007580988,390,0.007485892,52,0.0074895578,369,0.0081374322,Fri 09:45 PM
568,264,0.0071477887,361,0.0069292487,48,0.006913438,354,0.0078066423,Fri 10:00 PM
569,248,0.0067145893,338,0.006487773,45,0.0064813481,324,0.0071450624,Fri 10:15 PM
570,228,0.0061730902,309,0.0059311298,41,0.0059052283,299,0.0065937459,Fri 10:30 PM
571,215,0.0058211158,292,0.0056048217,39,0.0056171684,274,0.0060424293,Fri 10:45 PM
572,199,0.0053879164,269,0.005163346,36,0.0051850785,254,0.0056013761,Fri 11:00 PM
573,175,0.0047381175,229,0.0043955622,31,0.0044649287,219,0.0048295329,Fri 11:15 PM
574,154,0.0041695434,189,0.0036277784,25,0.003600749,190,0.0041900057,Fri 11:30 PM
575,134,0.0036280442,160,0.0030711352,21,0.0030246291,170,0.0037489525,Fri 11:45 PM
576,180,0.0048734923,234,0.0044915352,31,0.0044649287,220,0.0048515856,Sat 12:00 AM
577,163,0.004413218,216,0.0041460325,29,0.0041768688,200,0.0044105324,Sat 12:15 AM
578,146,0.0039529437,192,0.0036853622,26,0.0037447789,180,0.0039694791,Sat 12:30 AM
579,133,0.0036009693,173,0.0033206649,23,0.003312689,163,0.0035945839,Sat 12:45 AM
580,120,0.0032489948,159,0.0030519406,21,0.0030246291,147,0.0032417413,Sat 01:00 AM
581,113,0.0030594701,145,0.0027832162,19,0.0027365692,139,0.00306532,Sat 01:15 AM
582,103,0.0027887206,131,0.0025144919,17,0.0024485093,127,0.002800688,Sat 01:30 AM
583,96,0.0025991959,117,0.0022457676,16,0.0023044793,118,0.0026022141,Sat 01:45 AM
584,90,0.0024367461,108,0.0020730162,14,0.0020164194,110,0.0024257928,Sat 02:00 AM
585,80,0.0021659966,94,0.0018042919,12,0.0017283595,98,0.0021611609,Sat 02:15 AM
586,70,0.001895247,84,0.001612346,11,0.0015843295,86,0.0018965289,Sat 02:30 AM
587,63,0.0017057223,75,0.0014395946,10,0.0014402996,78,0.0017201076,Sat 02:45 AM
588,57,0.0015432726,66,0.0012668433,9,0.0012962696,69,0.0015216337,Sat 03:00 AM
589,57,0.0015432726,66,0.0012668433,9,0.0012962696,69,0.0015216337,Sat 03:15 AM
590,53,0.0014349727,61,0.0011708703,8,0.0011522397,65,0.001433423,Sat 03:30 AM
591,53,0.0014349727,61,0.0011708703,8,0.0011522397,65,0.001433423,Sat 03:45 AM
592,53,0.0014349727,61,0.0011708703,8,0.0011522397,65,0.001433423,Sat 04:00 AM
593,60,0.0016244974,66,0.0012668433,9,0.0012962696,73,0.0016098443,Sat 04:15 AM
594,66,0.0017869472,75,0.0014395946,10,0.0014402996,82,0.0018083183,Sat 04:30 AM
595,76,0.0020576967,84,0.001612346,11,0.0015843295,94,0.0020729502,Sat 04:45 AM
596,86,0.0023284463,94,0.0018042919,12,0.0017283595,106,0.0023375821,Sat 05:00 AM
597,100,0.0027074957,108,0.0020730162,14,0.0020164194,122,0.0026904247,Sat 05:15 AM
598,120,0.0032489948,131,0.0025144919,17,0.0024485093,147,0.0032417413,Sat 05:30 AM
599,140,0.003790494,155,0.0029751622,21,0.0030246291,171,0.0037710052,Sat 05:45 AM
600,166,0.0044944429,183,0.0035126108,24,0.003456719,204,0.004498743,Sat 06:00 AM
601,180,0.0048734923,202,0.0038773082,27,0.0038888089,220,0.0048515856,Sat 06:15 AM
602,199,0.0053879164,230,0.0044147568,31,0.0044649287,245,0.0054029021,Sat 06:30 AM
603,216,0.0058481907,253,0.0048562325,34,0.0048970186,265,0.0058439554,Sat 06:45 AM
604,239,0.0064709147,286,0.0054896541,38,0.0054731384,294,0.0064834826,Sat 07:00 AM
605,253,0.0068499641,309,0.0059311298,41,0.0059052283,310,0.0068363251,Sat 07:15 AM
606,269,0.0072831634,338,0.006487773,45,0.0064813481,331,0.007299431,Sat 07:30 AM
607,289,0.0078246626,366,0.0070252217,49,0.007057468,355,0.0078286949,Sat 07:45 AM
608,309,0.0083661617,403,0.0077354217,54,0.0077776177,380,0.0083800115,Sat 08:00 AM
609,326,0.008826436,436,0.0083688433,58,0.0083537376,400,0.0088210647,Sat 08:15 AM
610,346,0.0093679351,469,0.009002265,62,0.0089298574,424,0.0093503286,Sat 08:30 AM
611,369,0.0099906591,511,0.0098084379,68,0.0097940372,453,0.0099898558,Sat 08:45 AM
612,389,0.0105321583,553,0.0106146109,74,0.0106582169,477,0.0105191197,Sat 09:00 AM
613,409,0.0110736574,586,0.0112480326,78,0.0112343367,502,0.0110704362,Sat 09:15 AM
614,429,0.0116151566,619,0.0118814542,82,0.0118104566,526,0.0115997001,Sat 09:30 AM
615,449,0.0121566557,656,0.0125916542,87,0.0125306064,551,0.0121510166,Sat 09:45 AM
616,472,0.0127793797,694,0.0133210488,92,0.0132507562,580,0.0127905438,Sat 10:00 AM
617,485,0.0131313542,717,0.0137625245,96,0.013826876,596,0.0131433864,Sat 10:15 AM
618,502,0.0135916284,746,0.0143191677,99,0.0142589659,616,0.0135844396,Sat 10:30 AM
619,519,0.0140519027,774,0.0148566164,103,0.0148350857,637,0.0140475455,Sat 10:45 AM
620,535,0.014485102,802,0.015394065,107,0.0154112055,657,0.0144885988,Sat 11:00 AM
621,548,0.0148370764,825,0.0158355407,110,0.0158432954,673,0.0148414414,Sat 11:15 AM
622,562,0.0152161258,853,0.0163729894,114,0.0164194152,690,0.0152163366,Sat 11:30 AM
623,575,0.0155681003,877,0.0168336596,117,0.0168515051,706,0.0155691792,Sat 11:45 AM
624,588,0.0159200747,900,0.0172751353,120,0.017283595,722,0.0159220218,Sat 12:00 PM
625,588,0.0159200747,900,0.0172751353,120,0.017283595,722,0.0159220218,Sat 12:15 PM
626,588,0.0159200747,900,0.0172751353,120,0.017283595,722,0.0159220218,Sat 12:30 PM
627,588,0.0159200747,900,0.0172751353,120,0.017283595,722,0.0159220218,Sat 12:45 PM
628,588,0.0159200747,900,0.0172751353,120,0.017283595,722,0.0159220218,Sat 01:00 PM
629,588,0.0159200747,900,0.0172751353,120,0.017283595,722,0.0159220218,Sat 01:15 PM
630,588,0.0159200747,900,0.0172751353,120,0.017283595,722,0.0159220218,Sat 01:30 PM
631,588,0.0159200747,900,0.0172751353,120,0.017283595,722,0.0159220218,Sat 01:45 PM
632,588,0.0159200747,900,0.0172751353,120,0.017283595,722,0.0159220218,Sat 02:00 PM
633,595,0.0161095994,896,0.0171983569,119,0.017139565,731,0.0161204957,Sat 02:15 PM
634,595,0.0161095994,896,0.0171983569,119,0.017139565,731,0.0161204957,Sat 02:30 PM
635,598,0.0161908243,896,0.0171983569,119,0.017139565,735,0.0162087064,Sat 02:45 PM
636,602,0.0162991241,896,0.0171983569,119,0.017139565,739,0.016296917,Sat 03:00 PM
637,602,0.0162991241,891,0.017102384,119,0.017139565,739,0.016296917,Sat 03:15 PM
638,602,0.0162991241,881,0.016910438,117,0.0168515051,739,0.016296917,Sat 03:30 PM
639,602,0.0162991241,877,0.0168336596,117,0.0168515051,739,0.016296917,Sat 03:45 PM
640,602,0.0162991241,872,0.0167376867,116,0.0167074752,739,0.016296917,Sat 04:00 PM
641,598,0.0161908243,858,0.0164689623,114,0.0164194152,735,0.0162087064,Sat 04:15 PM
642,592,0.0160283746,839,0.016104265,112,0.0161313553,726,0.0160102324,Sat 04:30 PM
643,585,0.0158388499,825,0.0158355407,110,0.0158432954,718,0.0158338111,Sat 04:45 PM
644,578,0.0156493252,811,0.0155668164,108,0.0155552355,710,0.0156573898,Sat 05:00 PM
645,565,0.0152973507,783,0.0150293677,104,0.0149791157,694,0.0153045473,Sat 05:15 PM
646,548,0.0148370764,755,0.0144919191,101,0.0145470258,673,0.0148414414,Sat 05:30 PM
647,535,0.014485102,731,0.0140312488,97,0.0139709059,657,0.0144885988,Sat 05:45 PM
648,519,0.0140519027,708,0.0135897731,94,0.0135388161,637,0.0140475455,Sat 06:00 PM
649,492,0.0133208789,680,0.0130523245,91,0.0131067262,604,0.0133198077,Sat 06:15 PM
650,469,0.0126981548,652,0.0125148758,87,0.0125306064,575,0.0126802805,Sat 06:30 PM
651,449,0.0121566557,624,0.0119774272,83,0.0119544865,551,0.0121510166,Sat 06:45 PM
652,429,0.0116151566,595,0.0114207839,79,0.0113783667,526,0.0115997001,Sat 07:00 PM
653,409,0.0110736574,567,0.0108833353,76,0.0109462768,502,0.0110704362,Sat 07:15 PM
654,389,0.0105321583,544,0.0104418596,72,0.010370157,477,0.0105191197,Sat 07:30 PM
655,369,0.0099906591,520,0.0099811893,69,0.0099380671,453,0.0099898558,Sat 07:45 PM
656,352,0.0095303849,497,0.0095397136,66,0.0095059772,433,0.0095488025,Sat 08:00 PM
657,342,0.0092596353,478,0.0091750163,64,0.0092179173,420,0.0092621179,Sat 08:15 PM
658,332,0.0089888857,460,0.0088295136,61,0.0087858275,408,0.008997486,Sat 08:30 PM
659,322,0.0087181362,445,0.0085415947,59,0.0084977675,396,0.0087328541,Sat 08:45 PM
660,312,0.0084473866,431,0.0082728704,57,0.0082097076,384,0.0084682221,Sat 09:00 PM
661,302,0.008176637,408,0.0078313947,54,0.0077776177,371,0.0081815375,Sat 09:15 PM
662,293,0.0079329624,384,0.0073707244,51,0.0073455279,359,0.0079169056,Sat 09:30 PM
663,283,0.0076622128,366,0.0070252217,49,0.007057468,347,0.0076522736,Sat 09:45 PM
664,273,0.0073914633,347,0.0066605244,46,0.0066253781,335,0.0073876417,Sat 10:00 PM
665,253,0.0068499641,324,0.0062190487,43,0.0061932882,310,0.0068363251,Sat 10:15 PM
666,236,0.0063896899,305,0.0058543514,41,0.0059052283,290,0.0063952719,Sat 10:30 PM
667,223,0.0060377154,281,0.0053936811,37,0.0053291085,273,0.0060203767,Sat 10:45 PM
668,209,0.005658666,267,0.0051249568,36,0.0051850785,257,0.0056675341,Sat 11:00 PM
669,199,0.0053879164,258,0.0049522055,34,0.0048970186,245,0.0054029021,Sat 11:15 PM
670,193,0.0052254667,249,0.0047794541,33,0.0047529886,237,0.0052264808,Sat 11:30 PM
671,186,0.005035942,244,0.0046834811,32,0.0046089587,229,0.0050500595,Sat 11:45 PM
